"","id","age","educ","female","raceW","raceB","raceA","raceAI","racePI","hispanic","freqdrink","freqbinge","selfcontrol01","selfcontrol02","selfcontrol03","selfcontrol.avg","violentvic01","violentvic02","violentvic03","violentvic04","violentvic.var","violentatt","violentoff"
"1",1,20,1,0,1,0,0,0,0,1,0,999,2,2,3,2.33333333333333,0,0,1,0,1,3,8
"2",2,20,2,0,1,0,0,0,0,1,0,999,2,2,3,2.33333333333333,2,2,0,1,3,6,12
"3",3,21,3,1,1,0,0,0,0,1,0,999,2,2,3,2.33333333333333,1,1,0,2,3,6,13
"4",4,25,4,0,1,0,0,0,0,0,0,999,3,2,3,2.66666666666667,1,2,1,1,4,8,14
"5",5,23,1,0,1,0,0,0,0,0,0,999,NA,2,3,2.5,1,0,0,0,1,4,9
"6",6,24,2,0,1,0,0,0,0,0,0,999,3,3,3,3,1,1,1,1,4,8,13
"7",7,25,3,0,1,0,0,0,0,1,0,999,2,1,3,2,0,1,1,0,2,4,10
"8",8,22,4,0,1,0,0,0,0,1,0,999,2,1,2,1.66666666666667,1,2,0,0,2,4,9
"9",9,28,1,0,1,0,0,0,0,0,0,999,3,1,3,2.33333333333333,2,1,0,1,3,6,15
"10",10,20,2,1,1,0,0,0,0,1,0,999,2,1,2,1.66666666666667,1,2,0,0,2,4,10
"11",11,18,3,1,1,0,0,0,0,0,0,999,3,1,3,2.33333333333333,0,2,2,0,2,5,10
"12",12,18,4,1,1,0,0,0,0,0,0,999,1,2,2,1.66666666666667,0,1,2,0,2,4,8
"13",13,28,1,1,1,0,0,0,0,1,0,999,3,2,3,2.66666666666667,2,3,1,1,4,8,13
"14",14,25,2,0,1,0,0,0,0,1,0,999,3,3,3,3,0,1,0,0,1,4,11
"15",15,18,3,0,1,0,0,0,0,1,0,999,2,1,2,1.66666666666667,1,1,0,0,2,4,8
"16",16,18,4,0,1,0,0,0,0,0,0,999,2,2,3,2.33333333333333,1,1,0,0,2,5,9
"17",17,29,1,0,1,0,0,0,0,1,0,999,1,1,2,1.33333333333333,1,0,0,1,2,4,11
"18",18,24,2,1,1,0,0,0,0,0,0,999,2,1,3,2,1,2,0,1,3,6,9
"19",19,26,3,0,1,0,0,0,0,0,0,999,2,2,3,2.33333333333333,1,3,0,1,3,6,12
"20",20,29,4,0,1,0,0,0,0,0,0,999,3,4,3,3.33333333333333,2,0,1,0,2,5,11
"21",21,28,1,0,1,0,0,0,0,0,0,999,3,3,3,3,2,2,1,0,3,7,11
"22",22,26,2,0,1,0,0,0,0,0,0,999,3,2,3,2.66666666666667,1,3,1,1,4,8,13
"23",23,25,3,0,1,0,0,0,0,1,0,999,3,3,3,3,0,1,0,0,1,4,11
"24",24,29,4,1,1,0,0,0,0,0,0,999,2,3,3,2.66666666666667,2,1,0,0,2,5,10
"25",25,24,1,0,1,0,0,0,0,0,0,999,NA,2,3,2.5,3,1,1,0,3,6,13
"26",26,22,2,1,1,0,0,0,0,0,0,999,2,2,3,2.33333333333333,0,0,0,0,0,2,7
"27",27,19,3,1,1,0,0,0,0,1,0,999,2,0,3,1.66666666666667,0,1,1,0,2,4,10
"28",28,26,4,1,1,0,0,0,0,0,0,999,2,2,3,2.33333333333333,1,2,1,0,3,6,14
"29",29,24,1,0,1,0,0,0,0,0,0,999,1,2,2,1.66666666666667,1,2,0,1,3,6,13
"30",30,28,2,0,1,0,0,0,0,0,0,999,2,2,3,2.33333333333333,0,1,1,0,2,5,14
"31",31,26,3,0,1,0,0,0,0,0,0,999,3,1,3,2.33333333333333,1,3,0,1,3,6,11
"32",32,20,4,1,1,0,0,0,0,1,0,999,3,3,3,3,1,1,0,1,3,7,14
"33",33,28,1,0,1,0,0,0,0,1,0,999,4,3,3,3.33333333333333,2,1,0,0,2,5,11
"34",34,22,2,0,1,0,0,0,0,1,0,999,3,2,3,2.66666666666667,0,0,0,0,0,2,8
"35",35,26,3,1,1,0,0,0,0,1,0,999,2,1,3,2,1,2,1,0,3,6,15
"36",36,23,4,0,1,0,0,0,0,0,0,999,2,1,3,2,1,1,0,0,2,4,12
"37",37,27,1,0,1,0,0,0,0,0,0,999,4,3,3,3.33333333333333,1,1,1,0,3,7,12
"38",38,30,2,0,1,0,0,0,0,0,0,999,2,2,3,2.33333333333333,1,3,1,0,3,7,12
"39",39,18,3,0,1,0,0,0,0,0,0,999,2,3,2,2.33333333333333,1,2,1,0,3,6,10
"40",40,18,4,1,1,0,0,0,0,0,0,999,3,NA,3,3,1,1,1,0,3,7,11
"41",41,19,1,0,1,0,0,0,0,0,0,999,2,1,3,2,2,2,0,1,3,6,10
"42",42,27,2,1,1,0,0,0,0,0,0,999,3,2,3,2.66666666666667,2,1,0,0,2,5,11
"43",43,25,3,0,1,0,0,0,0,0,0,999,NA,1,3,2,1,1,1,0,3,6,14
"44",44,26,4,0,1,0,0,0,0,0,0,999,2,1,3,2,0,2,0,1,2,4,9
"45",45,30,1,0,1,0,0,0,0,0,0,999,3,1,3,2.33333333333333,2,2,2,0,3,6,11
"46",46,22,2,0,1,0,0,0,0,1,0,999,NA,3,3,3,0,0,0,0,0,2,7
"47",47,24,3,0,1,0,0,0,0,0,0,999,3,2,2,2.33333333333333,0,2,1,0,2,5,12
"48",48,21,4,1,1,0,0,0,0,0,0,999,2,1,3,2,2,2,0,0,2,5,9
"49",49,26,1,0,1,0,0,0,0,0,0,999,3,2,3,2.66666666666667,3,1,0,0,2,5,10
"50",50,22,2,1,1,0,0,0,0,0,0,999,3,2,2,2.33333333333333,1,1,0,0,2,5,11
"51",51,26,3,0,1,0,0,0,0,0,0,999,3,2,3,2.66666666666667,1,2,1,0,3,7,11
"52",52,30,4,0,1,0,0,0,0,0,0,999,3,2,4,3,2,2,0,1,3,7,12
"53",53,22,1,0,1,0,0,0,0,0,0,999,2,NA,3,2.5,0,2,0,0,1,4,11
"54",54,27,2,0,1,0,0,0,0,0,0,999,2,3,3,2.66666666666667,1,1,0,0,2,5,11
"55",55,25,3,0,1,0,0,0,0,0,0,999,2,2,4,2.66666666666667,0,1,0,1,2,5,8
"56",56,20,4,0,1,0,0,0,0,0,0,999,2,3,3,2.66666666666667,2,2,2,0,3,7,11
"57",57,23,1,0,1,0,0,0,0,0,0,999,NA,2,3,2.5,2,2,1,0,3,6,12
"58",58,29,2,0,1,0,0,0,0,1,0,999,3,2,3,2.66666666666667,1,3,1,0,3,7,12
"59",59,25,3,0,1,0,0,0,0,1,0,999,2,2,3,2.33333333333333,1,0,1,1,3,6,9
"60",60,19,4,0,1,0,0,0,0,0,0,999,3,2,4,3,1,1,0,0,2,5,8
"61",61,19,1,1,1,0,0,0,0,0,0,999,3,2,3,2.66666666666667,0,1,1,0,2,5,9
"62",62,20,2,1,1,0,0,0,0,1,0,999,3,2,3,2.66666666666667,1,3,2,0,3,7,12
"63",63,21,3,0,1,0,0,0,0,1,0,999,2,2,2,2,1,1,0,0,2,4,7
"64",64,22,4,0,1,0,0,0,0,0,0,999,3,2,3,2.66666666666667,1,1,0,0,2,5,11
"65",65,29,1,0,1,0,0,0,0,0,0,999,2,2,3,2.33333333333333,1,2,1,0,3,6,15
"66",66,24,2,1,1,0,0,0,0,1,0,999,3,2,3,2.66666666666667,0,0,1,0,1,4,11
"67",67,27,3,0,1,0,0,0,0,1,0,999,1,1,2,1.33333333333333,1,2,0,1,3,6,12
"68",68,26,4,0,1,0,0,0,0,0,0,999,2,2,3,2.33333333333333,1,1,0,1,3,6,13
"69",69,29,1,0,1,0,0,0,0,1,0,999,2,2,3,2.33333333333333,2,2,0,0,2,5,11
"70",70,28,2,1,1,0,0,0,0,1,0,999,3,3,2,2.66666666666667,3,1,0,0,2,5,9
"71",71,29,3,0,1,0,0,0,0,1,0,999,1,1,3,1.66666666666667,1,2,1,1,4,7,11
"72",72,23,4,1,1,0,0,0,0,0,0,999,3,3,3,3,1,3,1,0,3,7,11
"73",73,21,1,0,1,0,0,0,0,0,0,999,2,1,3,2,1,1,1,0,3,6,11
"74",74,21,2,0,1,0,0,0,0,0,0,999,2,1,3,2,0,2,0,0,1,3,7
"75",75,18,3,0,1,0,0,0,0,0,0,999,3,3,3,3,0,2,0,0,1,4,7
"76",76,25,4,0,1,0,0,0,0,0,0,999,2,2,3,2.33333333333333,1,2,2,1,4,8,14
"77",77,24,1,0,1,0,0,0,0,0,0,999,2,2,2,2,0,2,0,0,1,3,8
"78",78,27,2,0,1,0,0,0,0,1,0,999,2,1,3,2,1,0,1,0,2,5,11
"79",79,27,3,1,1,0,0,0,0,1,0,999,3,2,3,2.66666666666667,3,2,1,0,3,7,12
"80",80,27,4,0,1,0,0,0,0,0,0,999,2,2,3,2.33333333333333,2,1,0,0,2,5,12
"81",81,18,1,1,1,0,0,0,0,1,0,999,3,3,3,3,0,2,0,1,2,5,7
"82",82,27,2,0,1,0,0,0,0,0,0,999,2,1,3,2,2,3,1,0,3,6,12
"83",83,18,3,0,1,0,0,0,0,0,0,999,3,2,3,2.66666666666667,2,1,1,1,4,8,13
"84",84,24,4,0,1,0,0,0,0,1,0,999,2,1,3,2,1,2,1,0,3,6,14
"85",85,25,1,0,1,0,0,0,0,1,0,999,2,2,3,2.33333333333333,2,1,1,0,3,6,11
"86",86,20,2,1,1,0,0,0,0,0,0,999,2,2,3,2.33333333333333,1,2,1,0,3,6,10
"87",87,28,3,0,1,0,0,0,0,0,0,999,3,3,3,3,2,0,1,0,2,5,12
"88",88,30,4,0,1,0,0,0,0,0,0,999,3,2,2,2.33333333333333,0,1,0,0,1,3,7
"89",89,28,1,1,1,0,0,0,0,1,0,999,3,2,3,2.66666666666667,0,2,0,0,1,3,9
"90",90,21,2,0,1,0,0,0,0,1,0,999,3,3,3,3,0,2,0,0,1,4,10
"91",91,22,3,0,1,0,0,0,0,1,0,999,2,1,3,2,1,3,1,0,3,6,14
"92",92,23,4,0,1,0,0,0,0,1,0,999,2,1,2,1.66666666666667,0,3,1,0,2,4,8
"93",93,21,1,1,1,0,0,0,0,0,0,999,3,2,3,2.66666666666667,1,2,1,0,3,7,12
"94",94,28,2,1,1,0,0,0,0,0,0,999,4,3,4,3.66666666666667,0,1,0,0,1,4,12
"95",95,27,3,0,1,0,0,0,0,1,0,999,3,2,4,3,1,2,1,0,3,7,15
"96",96,27,4,0,1,0,0,0,0,1,0,999,3,1,3,2.33333333333333,1,1,0,0,2,5,10
"97",97,20,1,1,1,0,0,0,0,1,0,999,2,2,3,2.33333333333333,1,0,1,0,2,4,9
"98",98,26,2,0,1,0,0,0,0,1,0,999,3,1,3,2.33333333333333,1,1,0,1,3,6,10
"99",99,24,3,0,1,0,0,0,0,0,0,999,4,3,4,3.66666666666667,0,3,0,0,1,4,10
"100",100,21,4,0,1,0,0,0,0,0,0,999,3,1,4,2.66666666666667,0,1,1,1,3,6,12
"101",101,29,1,1,1,0,0,0,0,0,0,999,3,2,3,2.66666666666667,0,1,1,0,2,5,10
"102",102,26,2,0,1,0,0,0,0,1,0,999,3,2,3,2.66666666666667,0,0,0,1,1,4,8
"103",103,23,3,0,1,0,0,0,0,0,0,999,3,2,3,2.66666666666667,1,2,2,0,3,7,13
"104",104,27,4,0,1,0,0,0,0,0,0,999,NA,3,3,3,2,1,1,1,4,8,14
"105",105,26,1,0,1,0,0,0,0,1,0,999,2,2,3,2.33333333333333,1,0,1,1,3,6,12
"106",106,29,2,0,1,0,0,0,0,0,0,999,2,2,3,2.33333333333333,0,1,1,0,2,5,11
"107",107,21,3,1,1,0,0,0,0,0,0,999,3,2,4,3,1,1,0,0,2,5,9
"108",108,28,4,0,1,0,0,0,0,1,0,999,2,1,3,2,0,2,0,0,1,3,12
"109",109,27,1,0,1,0,0,0,0,0,0,999,3,3,3,3,1,3,1,1,4,8,14
"110",110,27,2,0,1,0,0,0,0,1,0,999,3,3,3,3,1,2,0,0,2,5,10
"111",111,25,3,0,1,0,0,0,0,0,0,999,2,4,3,3,2,3,0,0,2,5,9
"112",112,20,4,1,1,0,0,0,0,1,0,999,1,1,2,1.33333333333333,0,0,0,0,0,1,8
"113",113,21,1,0,1,0,0,0,0,0,0,999,3,3,3,3,1,1,1,0,3,7,13
"114",114,22,2,1,1,0,0,0,0,0,0,999,3,3,3,3,0,1,1,1,3,7,13
"115",115,25,3,0,1,0,0,0,0,1,0,999,3,2,2,2.33333333333333,0,1,0,0,1,3,7
"116",116,30,4,0,1,0,0,0,0,0,0,999,2,2,3,2.33333333333333,1,3,2,0,3,6,13
"117",117,26,1,1,1,0,0,0,0,0,0,999,2,2,3,2.33333333333333,0,2,0,0,1,3,8
"118",118,19,2,0,1,0,0,0,0,1,0,999,2,1,3,2,1,2,2,0,3,6,8
"119",119,24,3,0,1,0,0,0,0,0,0,999,2,2,3,2.33333333333333,1,2,1,0,3,6,11
"120",120,21,4,0,1,0,0,0,0,1,0,999,3,3,3,3,2,2,2,1,4,8,11
"121",121,30,1,0,1,0,0,0,0,0,0,999,2,2,3,2.33333333333333,1,3,0,0,2,5,10
"122",122,28,2,0,1,0,0,0,0,1,0,999,2,1,3,2,2,0,0,1,2,5,10
"123",123,29,3,0,1,0,0,0,0,0,0,999,2,1,2,1.66666666666667,0,1,0,1,2,4,10
"124",124,24,4,0,1,0,0,0,0,0,0,999,2,3,3,2.66666666666667,1,1,1,0,3,6,10
"125",125,25,1,0,1,0,0,0,0,1,0,999,3,1,3,2.33333333333333,0,2,0,2,2,5,11
"126",126,27,2,0,1,0,0,0,0,0,0,999,3,1,3,2.33333333333333,1,1,0,0,2,5,11
"127",127,28,3,0,1,0,0,0,0,0,0,999,3,2,3,2.66666666666667,2,3,1,0,3,6,12
"128",128,23,4,0,1,0,0,0,0,1,0,999,3,2,3,2.66666666666667,2,2,1,1,4,8,14
"129",129,28,1,0,1,0,0,0,0,1,0,999,3,2,3,2.66666666666667,2,2,1,0,3,6,13
"130",130,24,2,0,1,0,0,0,0,0,0,999,3,1,3,2.33333333333333,1,2,0,0,2,5,10
"131",131,29,3,0,1,0,0,0,0,0,0,999,2,2,3,2.33333333333333,0,1,0,1,2,5,9
"132",132,28,4,0,1,0,0,0,0,0,0,999,3,3,3,3,1,1,1,0,3,7,14
"133",133,18,1,0,1,0,0,0,0,1,0,999,3,1,3,2.33333333333333,2,3,1,1,4,8,15
"134",134,29,2,0,1,0,0,0,0,1,0,999,3,2,3,2.66666666666667,1,3,0,0,2,5,10
"135",135,22,3,0,1,0,0,0,0,1,0,999,3,1,3,2.33333333333333,2,3,1,0,3,6,12
"136",136,28,4,0,1,0,0,0,0,0,0,999,4,2,3,3,2,3,1,1,4,8,15
"137",137,18,1,0,1,0,0,0,0,0,0,999,3,3,3,3,0,0,0,0,0,2,9
"138",138,21,2,0,1,0,0,0,0,0,0,999,2,2,3,2.33333333333333,0,2,0,0,1,3,10
"139",139,20,3,0,1,0,0,0,0,0,0,999,3,2,3,2.66666666666667,0,1,1,1,3,7,12
"140",140,29,4,0,1,0,0,0,0,0,0,999,3,2,3,2.66666666666667,0,0,0,0,0,2,11
"141",141,24,1,0,1,0,0,0,0,0,0,999,3,3,3,3,2,1,0,0,2,5,11
"142",142,28,2,0,1,0,0,0,0,0,0,999,3,3,3,3,0,2,0,1,2,5,13
"143",143,24,3,1,1,0,0,0,0,0,0,999,2,1,3,2,1,3,0,1,3,6,11
"144",144,27,4,0,1,0,0,0,0,1,0,999,3,3,3,3,1,1,2,0,3,7,13
"145",145,20,1,0,1,0,0,0,0,0,0,999,3,2,3,2.66666666666667,1,2,0,0,2,5,10
"146",146,27,2,0,1,0,0,0,0,0,0,999,3,3,3,3,0,0,1,0,1,4,9
"147",147,28,3,0,1,0,0,0,0,1,0,999,2,1,3,2,1,2,1,0,3,6,10
"148",148,24,4,1,1,0,0,0,0,1,0,999,2,2,3,2.33333333333333,0,1,1,0,2,5,12
"149",149,27,1,0,1,0,0,0,0,0,0,999,2,2,3,2.33333333333333,1,1,1,1,4,8,13
"150",150,26,2,1,1,0,0,0,0,1,0,999,3,1,3,2.33333333333333,1,1,1,0,3,6,12
"151",151,24,3,0,1,0,0,0,0,0,1,0,3,3,3,3,2,2,0,0,2,5,10
"152",152,26,4,1,1,0,0,0,0,1,4,3,3,1,3,2.33333333333333,0,3,0,0,1,3,9
"153",153,18,1,0,1,0,0,0,0,0,5,5,3,2,3,2.66666666666667,2,1,0,0,2,5,12
"154",154,18,2,0,1,0,0,0,0,1,6,5,3,3,3,3,1,1,0,1,3,7,14
"155",155,18,3,1,1,0,0,0,0,0,3,2,2,1,3,2,2,2,2,1,4,7,13
"156",156,21,4,0,1,0,0,0,0,0,3,2,2,0,3,1.66666666666667,0,2,0,0,1,3,10
"157",157,20,1,0,1,0,0,0,0,0,3,2,3,3,3,3,0,0,1,1,2,5,9
"158",158,21,2,0,1,0,0,0,0,1,2,1,3,1,4,2.66666666666667,2,1,0,1,3,6,12
"159",159,25,3,1,1,0,0,0,0,1,5,4,3,2,3,2.66666666666667,0,1,1,0,2,5,11
"160",160,23,4,0,1,0,0,0,0,0,5,4,3,4,3,3.33333333333333,1,3,1,0,3,7,12
"161",161,30,1,1,1,0,0,0,0,0,4,4,2,4,3,3,0,1,1,0,2,5,10
"162",162,21,2,0,1,0,0,0,0,0,4,3,3,1,4,2.66666666666667,0,0,1,0,1,3,6
"163",163,21,3,0,1,0,0,0,0,0,2,1,3,2,3,2.66666666666667,2,1,0,0,2,5,12
"164",164,29,4,0,1,0,0,0,0,0,5,5,3,4,4,3.66666666666667,2,0,0,0,1,4,12
"165",165,25,1,0,1,0,0,0,0,0,5,4,4,2,4,3.33333333333333,0,1,0,1,2,5,10
"166",166,27,2,0,1,0,0,0,0,0,6,5,2,2,2,2,0,1,0,1,2,5,14
"167",167,30,3,0,1,0,0,0,0,1,3,2,1,1,3,1.66666666666667,1,1,0,1,3,6,9
"168",168,27,4,0,1,0,0,0,0,1,2,1,2,0,3,1.66666666666667,1,1,1,0,3,6,15
"169",169,18,1,1,1,0,0,0,0,0,3,2,2,2,3,2.33333333333333,0,2,1,0,2,5,9
"170",170,25,2,0,1,0,0,0,0,0,4,3,3,3,3,3,1,1,1,0,3,7,12
"171",171,19,3,0,1,0,0,0,0,0,4,3,2,2,3,2.33333333333333,1,1,1,0,3,6,9
"172",172,18,4,0,1,0,0,0,0,0,3,2,3,4,3,3.33333333333333,3,2,2,0,3,7,10
"173",173,26,1,1,1,0,0,0,0,0,5,4,3,2,3,2.66666666666667,0,2,0,0,1,3,7
"174",174,28,2,0,1,0,0,0,0,1,4,3,2,3,3,2.66666666666667,3,2,1,0,3,6,12
"175",175,18,3,0,1,0,0,0,0,1,2,1,2,3,3,2.66666666666667,1,2,1,0,3,7,12
"176",176,21,4,0,1,0,0,0,0,0,4,3,2,2,2,2,1,1,0,0,2,4,8
"177",177,27,1,0,1,0,0,0,0,0,1,0,2,2,3,2.33333333333333,0,2,1,1,3,6,11
"178",178,20,2,0,1,0,0,0,0,0,5,4,3,2,4,3,0,1,0,0,1,4,9
"179",179,28,3,0,1,0,0,0,0,1,1,0,3,2,2,2.33333333333333,0,1,1,0,2,5,13
"180",180,20,4,0,1,0,0,0,0,0,2,1,2,2,2,2,1,2,1,1,4,8,13
"181",181,29,1,0,1,0,0,0,0,1,3,2,NA,1,3,2,2,1,0,0,2,5,9
"182",182,22,2,0,1,0,0,0,0,0,6,4,1,2,2,1.66666666666667,0,1,1,0,2,4,10
"183",183,25,3,1,1,0,0,0,0,0,6,5,2,3,3,2.66666666666667,2,3,1,0,3,6,12
"184",184,24,4,0,1,0,0,0,0,1,3,2,3,2,3,2.66666666666667,0,1,1,1,3,6,13
"185",185,26,1,0,1,0,0,0,0,0,4,3,2,2,3,2.33333333333333,0,2,1,1,3,6,14
"186",186,19,2,0,1,0,0,0,0,1,1,0,3,NA,3,3,0,2,1,0,2,5,11
"187",187,23,3,0,1,0,0,0,0,1,3,2,1,1,2,1.33333333333333,1,1,0,0,2,4,12
"188",188,25,4,0,1,0,0,0,0,0,2,1,3,2,3,2.66666666666667,1,2,0,0,2,5,11
"189",189,20,1,1,1,0,0,0,0,1,6,5,3,3,3,3,1,1,0,0,2,5,12
"190",190,21,2,0,1,0,0,0,0,0,6,5,2,2,2,2,1,2,1,1,4,7,14
"191",191,30,3,0,1,0,0,0,0,1,1,0,3,3,3,3,1,3,0,0,2,5,11
"192",192,21,4,0,1,0,0,0,0,1,2,1,3,2,3,2.66666666666667,0,1,0,1,2,5,12
"193",193,21,1,0,1,0,0,0,0,0,4,3,2,2,3,2.33333333333333,1,1,0,0,2,4,9
"194",194,19,2,0,1,0,0,0,0,0,2,1,2,2,3,2.33333333333333,0,2,1,0,2,5,11
"195",195,30,3,1,1,0,0,0,0,1,1,0,2,1,3,2,1,1,0,2,3,6,14
"196",196,30,4,0,1,0,0,0,0,0,2,1,2,2,3,2.33333333333333,2,2,0,0,2,5,9
"197",197,23,1,0,1,0,0,0,0,0,3,2,3,2,3,2.66666666666667,0,1,0,0,1,3,9
"198",198,28,2,0,1,0,0,0,0,1,3,2,3,3,3,3,0,2,0,0,1,4,12
"199",199,27,3,0,1,0,0,0,0,0,1,0,3,2,3,2.66666666666667,0,1,1,0,2,5,10
"200",200,18,4,0,1,0,0,0,0,0,6,5,3,2,3,2.66666666666667,1,0,1,0,2,5,12
"201",201,28,1,0,1,0,0,0,0,1,4,3,2,2,3,2.33333333333333,2,0,0,0,1,3,9
"202",202,29,2,0,1,0,0,0,0,0,3,2,2,1,3,2,1,1,1,0,3,6,11
"203",203,24,3,0,1,0,0,0,0,1,3,2,3,2,3,2.66666666666667,1,1,1,0,3,7,10
"204",204,28,4,0,1,0,0,0,0,0,6,5,2,1,3,2,2,0,0,0,1,3,9
"205",205,27,1,1,1,0,0,0,0,0,6,5,2,1,3,2,0,2,0,0,1,3,11
"206",206,19,2,0,1,0,0,0,0,0,4,3,3,1,3,2.33333333333333,1,1,0,2,3,6,14
"207",207,21,3,0,1,0,0,0,0,1,5,4,1,0,3,1.33333333333333,0,1,1,1,3,5,9
"208",208,26,4,0,1,0,0,0,0,0,2,1,3,2,3,2.66666666666667,1,1,0,0,2,5,11
"209",209,20,1,0,1,0,0,0,0,0,5,4,2,1,3,2,1,2,3,0,3,6,11
"210",210,25,2,0,1,0,0,0,0,1,3,2,3,1,3,2.33333333333333,0,1,2,0,2,5,11
"211",211,29,3,0,1,0,0,0,0,1,2,1,3,2,3,2.66666666666667,2,1,1,0,3,6,14
"212",212,29,4,0,1,0,0,0,0,0,2,1,2,2,3,2.33333333333333,0,2,0,0,1,3,8
"213",213,18,1,0,1,0,0,0,0,1,1,0,1,1,2,1.33333333333333,0,0,0,1,1,2,6
"214",214,26,2,1,1,0,0,0,0,1,4,3,2,1,3,2,1,2,0,0,2,4,11
"215",215,23,3,0,1,0,0,0,0,1,4,3,4,3,4,3.66666666666667,1,1,0,0,2,6,12
"216",216,24,4,0,1,0,0,0,0,0,3,2,2,3,3,2.66666666666667,2,2,2,0,3,7,12
"217",217,27,1,1,1,0,0,0,0,0,5,4,2,0,3,1.66666666666667,1,0,0,1,2,4,9
"218",218,24,2,1,1,0,0,0,0,0,6,5,3,2,3,2.66666666666667,1,1,0,0,2,5,9
"219",219,25,3,0,1,0,0,0,0,1,6,5,1,2,3,2,0,1,1,1,3,6,10
"220",220,25,4,0,1,0,0,0,0,0,3,2,2,1,3,2,0,0,2,0,1,3,11
"221",221,21,1,1,1,0,0,0,0,1,3,2,2,2,3,2.33333333333333,0,2,2,1,3,6,14
"222",222,19,2,0,1,0,0,0,0,0,6,5,2,2,2,2,2,1,0,0,2,5,10
"223",223,24,3,0,1,0,0,0,0,0,4,3,2,1,3,2,0,0,0,0,0,2,7
"224",224,20,4,1,1,0,0,0,0,0,1,0,3,2,3,2.66666666666667,1,2,0,1,3,7,10
"225",225,28,1,0,1,0,0,0,0,1,6,5,3,2,4,3,0,2,0,1,2,5,13
"226",226,23,2,0,1,0,0,0,0,0,4,3,1,1,2,1.33333333333333,0,1,0,0,1,3,8
"227",227,20,3,1,1,0,0,0,0,0,5,4,3,3,3,3,0,1,0,2,2,5,10
"228",228,29,4,0,1,0,0,0,0,1,1,0,3,2,3,2.66666666666667,1,2,1,1,4,8,14
"229",229,18,1,0,1,0,0,0,0,1,5,4,2,2,4,2.66666666666667,3,2,1,0,3,6,11
"230",230,24,2,0,1,0,0,0,0,0,2,1,3,3,4,3.33333333333333,1,1,1,1,4,8,14
"231",231,19,3,1,1,0,0,0,0,0,5,4,2,2,3,2.33333333333333,1,1,0,0,2,5,8
"232",232,22,4,0,1,0,0,0,0,0,2,1,2,3,2,2.33333333333333,1,1,0,1,3,6,13
"233",233,19,1,0,1,0,0,0,0,0,3,2,3,3,3,3,2,1,1,0,3,7,10
"234",234,18,2,0,1,0,0,0,0,0,2,1,3,2,3,2.66666666666667,1,1,1,0,3,7,12
"235",235,24,3,0,1,0,0,0,0,0,5,4,3,NA,3,3,0,1,1,0,2,5,12
"236",236,20,4,0,1,0,0,0,0,0,4,3,2,2,3,2.33333333333333,0,2,2,0,2,5,11
"237",237,24,1,0,1,0,0,0,0,1,3,2,2,1,2,1.66666666666667,0,3,1,0,2,4,11
"238",238,26,2,1,1,0,0,0,0,0,2,1,3,2,2,2.33333333333333,1,1,0,0,2,5,11
"239",239,30,3,0,1,0,0,0,0,1,4,3,2,2,3,2.33333333333333,1,3,1,0,3,6,14
"240",240,28,4,0,1,0,0,0,0,1,3,2,3,3,3,3,1,1,0,0,2,5,14
"241",241,30,1,0,1,0,0,0,0,0,5,4,4,3,4,3.66666666666667,1,2,1,1,4,9,20
"242",242,21,2,0,1,0,0,0,0,0,3,2,2,1,4,2.33333333333333,1,3,2,0,3,6,11
"243",243,18,3,1,1,0,0,0,0,0,4,3,3,3,4,3.33333333333333,1,1,0,0,2,5,11
"244",244,30,4,0,1,0,0,0,0,0,4,3,3,3,3,3,1,1,2,0,3,7,13
"245",245,23,1,1,1,0,0,0,0,1,3,2,2,2,3,2.33333333333333,2,2,1,1,4,8,11
"246",246,20,2,0,1,0,0,0,0,0,6,5,2,3,3,2.66666666666667,1,0,1,0,2,5,13
"247",247,20,3,0,1,0,0,0,0,1,1,0,NA,1,3,2,1,2,0,0,2,5,8
"248",248,21,4,1,1,0,0,0,0,1,3,2,2,1,3,2,3,2,1,0,3,6,12
"249",249,18,1,0,1,0,0,0,0,0,2,1,3,2,3,2.66666666666667,1,1,1,0,3,7,13
"250",250,19,2,0,1,0,0,0,0,0,3,2,3,3,3,3,2,1,0,0,2,5,10
"251",251,24,3,0,1,0,0,0,0,0,3,2,2,2,3,2.33333333333333,0,1,0,0,1,3,9
"252",252,18,4,1,1,0,0,0,0,1,4,3,2,1,2,1.66666666666667,1,1,0,0,2,4,6
"253",253,23,1,0,1,0,0,0,0,0,2,1,2,2,3,2.33333333333333,2,2,1,0,3,6,13
"254",254,24,2,1,1,0,0,0,0,0,1,0,2,2,2,2,0,2,1,1,3,6,12
"255",255,19,3,0,1,0,0,0,0,1,2,1,2,2,3,2.33333333333333,1,3,2,0,3,6,10
"256",256,22,4,1,1,0,0,0,0,1,5,4,2,1,3,2,0,2,1,0,2,5,8
"257",257,25,1,0,1,0,0,0,0,1,3,2,2,1,2,1.66666666666667,1,2,1,1,4,7,13
"258",258,20,2,0,1,0,0,0,0,0,2,1,1,2,3,2,1,2,2,0,3,6,11
"259",259,19,3,0,1,0,0,0,0,1,1,0,2,2,3,2.33333333333333,2,1,0,0,2,5,7
"260",260,22,4,0,1,0,0,0,0,0,4,3,2,1,3,2,0,1,0,0,1,3,7
"261",261,23,1,0,1,0,0,0,0,0,1,0,2,2,2,2,0,2,0,0,1,3,11
"262",262,24,2,0,1,0,0,0,0,0,4,3,3,1,3,2.33333333333333,1,3,2,0,3,6,11
"263",263,18,3,0,1,0,0,0,0,1,5,4,3,3,3,3,0,3,1,0,2,5,10
"264",264,28,4,0,1,0,0,0,0,0,3,2,2,3,3,2.66666666666667,1,2,2,0,3,6,11
"265",265,21,1,0,1,0,0,0,0,1,5,4,3,2,3,2.66666666666667,1,0,1,1,3,6,15
"266",266,18,2,0,1,0,0,0,0,0,4,3,NA,1,3,2,1,3,1,0,3,6,11
"267",267,23,3,1,1,0,0,0,0,1,2,1,2,1,3,2,0,2,0,0,1,3,7
"268",268,25,4,1,1,0,0,0,0,0,3,2,2,2,3,2.33333333333333,1,3,0,0,2,5,12
"269",269,25,1,0,1,0,0,0,0,0,4,3,2,1,3,2,0,1,1,0,2,5,9
"270",270,23,2,0,1,0,0,0,0,0,5,4,2,NA,3,2.5,2,1,0,1,3,7,15
"271",271,21,3,0,1,0,0,0,0,0,5,4,4,2,4,3.33333333333333,0,3,0,0,1,4,9
"272",272,22,4,0,1,0,0,0,0,0,1,0,3,2,3,2.66666666666667,2,2,1,0,3,7,14
"273",273,30,1,0,1,0,0,0,0,1,6,5,3,2,3,2.66666666666667,0,1,1,1,3,6,14
"274",274,18,2,0,1,0,0,0,0,0,2,1,2,2,4,2.66666666666667,1,2,0,0,2,5,8
"275",275,25,3,0,1,0,0,0,0,0,5,4,3,2,4,3,1,3,1,0,3,7,12
"276",276,20,4,0,1,0,0,0,0,1,2,1,3,3,3,3,1,2,1,0,3,7,12
"277",277,23,1,0,1,0,0,0,0,1,1,0,2,NA,3,2.5,1,1,1,0,3,6,14
"278",278,23,2,0,1,0,0,0,0,0,2,1,2,2,3,2.33333333333333,1,2,1,1,4,8,14
"279",279,29,3,0,1,0,0,0,0,1,1,0,3,3,3,3,2,1,1,0,3,7,9
"280",280,25,4,1,1,0,0,0,0,1,3,2,2,2,3,2.33333333333333,1,0,0,0,1,3,7
"281",281,29,1,0,1,0,0,0,0,0,6,5,3,2,3,2.66666666666667,2,2,2,0,3,6,12
"282",282,25,2,0,1,0,0,0,0,1,3,2,3,2,3,2.66666666666667,0,2,1,0,2,5,11
"283",283,19,3,1,1,0,0,0,0,0,4,3,3,3,3,3,2,3,1,0,3,6,11
"284",284,29,4,0,1,0,0,0,0,0,1,0,3,3,3,3,1,1,1,0,3,7,14
"285",285,28,1,0,1,0,0,0,0,0,6,5,2,2,3,2.33333333333333,0,3,1,0,2,5,12
"286",286,29,2,1,1,0,0,0,0,0,3,2,3,2,3,2.66666666666667,1,1,1,0,3,6,13
"287",287,30,3,1,1,0,0,0,0,0,2,1,4,3,4,3.66666666666667,1,2,1,1,4,9,14
"288",288,30,4,1,1,0,0,0,0,1,2,1,3,3,3,3,1,2,0,1,3,7,13
"289",289,18,1,0,1,0,0,0,0,0,2,1,3,4,3,3.33333333333333,3,1,1,0,3,7,13
"290",290,28,2,0,1,0,0,0,0,1,3,2,4,3,3,3.33333333333333,0,3,0,1,2,5,11
"291",291,20,3,1,1,0,0,0,0,0,3,2,2,1,2,1.66666666666667,1,1,0,0,2,4,11
"292",292,18,4,0,1,0,0,0,0,0,1,0,2,2,4,2.66666666666667,1,2,2,0,3,7,14
"293",293,24,1,0,1,0,0,0,0,0,3,2,NA,0,3,1.5,0,3,1,0,2,4,9
"294",294,18,2,0,1,0,0,0,0,0,5,4,2,3,3,2.66666666666667,0,3,0,0,1,3,7
"295",295,22,3,0,1,0,0,0,0,0,1,0,3,3,3,3,1,2,0,0,2,5,10
"296",296,19,4,0,1,0,0,0,0,0,1,0,2,2,3,2.33333333333333,1,2,0,0,2,5,7
"297",297,19,1,0,1,0,0,0,0,1,3,2,2,2,3,2.33333333333333,1,0,1,0,2,5,9
"298",298,23,2,0,1,0,0,0,0,0,3,2,2,4,2,2.66666666666667,1,1,0,0,2,5,9
"299",299,22,3,0,1,0,0,0,0,0,1,0,1,1,2,1.33333333333333,2,1,0,0,2,4,11
"300",300,29,4,0,1,0,0,0,0,0,6,5,NA,1,3,2,1,1,0,1,3,6,10
"301",301,19,1,1,1,0,0,0,0,0,2,1,2,0,3,1.66666666666667,0,1,1,0,2,4,7
"302",302,30,2,0,1,0,0,0,0,0,3,2,2,2,2,2,0,2,0,0,1,3,12
"303",303,27,3,1,1,0,0,0,0,0,6,5,2,1,2,1.66666666666667,1,0,1,1,3,6,9
"304",304,19,4,0,1,0,0,0,0,0,6,5,4,3,4,3.66666666666667,0,2,0,0,1,4,9
"305",305,26,1,0,1,0,0,0,0,0,1,0,3,2,3,2.66666666666667,0,0,0,1,1,3,8
"306",306,21,2,0,1,0,0,0,0,1,6,5,2,0,2,1.33333333333333,0,2,2,0,2,4,9
"307",307,22,3,1,1,0,0,0,0,0,6,6,3,2,3,2.66666666666667,0,2,1,1,3,6,11
"308",308,19,4,0,1,0,0,0,0,0,3,2,NA,2,4,3,0,0,2,0,1,4,8
"309",309,27,1,0,1,0,0,0,0,0,2,1,NA,1,3,2,2,2,1,0,3,6,14
"310",310,29,2,0,1,0,0,0,0,0,3,2,1,1,3,1.66666666666667,2,2,1,0,3,6,11
"311",311,30,3,0,1,0,0,0,0,0,6,5,3,3,3,3,1,1,1,0,3,7,12
"312",312,28,4,0,1,0,0,0,0,1,5,4,3,2,3,2.66666666666667,0,1,0,0,1,3,9
"313",313,25,1,0,1,0,0,0,0,0,1,0,3,2,3,2.66666666666667,1,2,0,1,3,7,13
"314",314,21,2,0,1,0,0,0,0,1,2,1,3,3,3,3,0,1,1,1,3,7,13
"315",315,26,3,0,1,0,0,0,0,0,2,1,2,2,3,2.33333333333333,0,1,0,0,1,3,11
"316",316,19,4,0,1,0,0,0,0,0,4,3,3,2,3,2.66666666666667,1,2,1,0,3,6,13
"317",317,20,1,0,1,0,0,0,0,0,3,2,3,2,3,2.66666666666667,0,1,0,1,2,5,10
"318",318,18,2,1,1,0,0,0,0,0,3,2,2,1,3,2,0,0,1,1,2,5,11
"319",319,27,3,0,1,0,0,0,0,0,5,4,2,2,3,2.33333333333333,1,2,1,0,3,6,12
"320",320,21,4,0,1,0,0,0,0,0,1,0,2,2,3,2.33333333333333,1,1,1,1,4,8,16
"321",321,21,1,0,1,0,0,0,0,1,1,0,3,2,4,3,2,2,1,0,3,7,13
"322",322,25,2,0,1,0,0,0,0,1,2,1,2,2,3,2.33333333333333,0,1,0,0,1,3,10
"323",323,26,3,1,1,0,0,0,0,0,1,0,4,3,4,3.66666666666667,1,1,1,0,3,8,13
"324",324,23,4,0,1,0,0,0,0,0,3,2,1,1,2,1.33333333333333,2,1,0,1,3,5,10
"325",325,25,1,0,1,0,0,0,0,0,5,4,3,1,3,2.33333333333333,1,1,2,0,3,6,11
"326",326,24,2,0,1,0,0,0,0,0,2,1,NA,3,3,3,1,1,0,0,2,5,13
"327",327,27,3,0,1,0,0,0,0,0,3,2,NA,2,3,2.5,1,3,1,0,3,6,10
"328",328,24,4,0,1,0,0,0,0,0,1,0,2,2,3,2.33333333333333,1,1,0,0,2,5,12
"329",329,28,1,0,1,0,0,0,0,0,6,5,2,1,3,2,1,2,1,1,4,8,14
"330",330,23,2,0,1,0,0,0,0,1,1,0,3,3,3,3,2,2,1,1,4,8,15
"331",331,20,3,0,1,0,0,0,0,0,3,2,2,1,2,1.66666666666667,1,2,0,1,3,6,13
"332",332,20,4,0,1,0,0,0,0,0,1,0,2,2,4,2.66666666666667,1,1,0,0,2,5,15
"333",333,30,1,0,1,0,0,0,0,0,1,0,3,2,3,2.66666666666667,0,0,0,0,0,2,13
"334",334,21,2,1,1,0,0,0,0,0,3,2,3,2,3,2.66666666666667,1,1,0,0,2,5,12
"335",335,28,3,0,1,0,0,0,0,0,2,1,3,3,3,3,2,1,1,0,3,7,13
"336",336,30,4,0,1,0,0,0,0,0,4,3,3,3,3,3,2,2,2,0,3,7,11
"337",337,30,1,1,1,0,0,0,0,0,1,0,2,1,3,2,0,1,1,0,2,5,12
"338",338,26,2,0,1,0,0,0,0,0,3,2,3,2,3,2.66666666666667,1,1,2,0,3,6,14
"339",339,29,3,0,1,0,0,0,0,0,6,5,2,1,3,2,0,1,0,0,1,3,10
"340",340,28,4,0,1,0,0,0,0,1,2,1,2,2,4,2.66666666666667,0,1,2,1,3,7,11
"341",341,21,1,0,1,0,0,0,0,0,1,0,3,3,3,3,1,1,0,0,2,5,11
"342",342,24,2,1,1,0,0,0,0,1,6,5,2,2,3,2.33333333333333,1,3,2,0,3,6,11
"343",343,18,3,1,1,0,0,0,0,1,2,1,2,1,3,2,1,1,1,2,4,7,12
"344",344,18,4,0,1,0,0,0,0,0,5,4,2,2,2,2,1,0,1,0,2,4,10
"345",345,28,1,1,1,0,0,0,0,1,5,4,3,2,2,2.33333333333333,2,1,0,0,2,5,10
"346",346,22,2,0,1,0,0,0,0,0,1,0,2,3,3,2.66666666666667,0,1,2,0,2,5,8
"347",347,21,3,0,1,0,0,0,0,0,4,3,2,1,3,2,1,1,1,0,3,6,12
"348",348,22,4,0,1,0,0,0,0,0,3,2,2,2,3,2.33333333333333,1,2,3,0,3,6,11
"349",349,25,1,1,1,0,0,0,0,0,5,4,2,NA,2,2,2,1,0,0,2,4,10
"350",350,21,2,0,1,0,0,0,0,0,1,0,3,2,4,3,1,1,0,0,2,5,12
"351",351,28,3,0,1,0,0,0,0,0,2,1,3,3,3,3,0,0,0,0,0,2,7
"352",352,28,4,0,1,0,0,0,0,1,4,3,2,1,3,2,0,1,1,1,3,6,13
"353",353,24,1,0,1,0,0,0,0,0,6,5,2,3,3,2.66666666666667,1,1,2,0,3,6,13
"354",354,22,2,0,1,0,0,0,0,0,3,2,3,1,4,2.66666666666667,0,0,1,0,1,3,7
"355",355,23,3,0,1,0,0,0,0,0,4,3,3,2,3,2.66666666666667,0,2,0,0,1,3,8
"356",356,21,4,0,1,0,0,0,0,1,1,0,3,1,3,2.33333333333333,1,1,0,0,2,5,13
"357",357,26,1,1,1,0,0,0,0,0,3,2,3,2,3,2.66666666666667,1,3,0,1,3,7,14
"358",358,25,2,0,1,0,0,0,0,1,4,3,2,2,3,2.33333333333333,0,3,0,0,1,3,9
"359",359,26,3,1,1,0,0,0,0,1,2,1,3,2,3,2.66666666666667,1,1,0,0,2,5,12
"360",360,28,4,1,1,0,0,0,0,1,2,1,3,2,3,2.66666666666667,0,2,1,0,2,5,10
"361",361,26,1,0,1,0,0,0,0,0,6,4,3,1,3,2.33333333333333,1,1,1,0,3,6,10
"362",362,30,2,1,1,0,0,0,0,0,2,1,3,3,3,3,0,1,1,0,2,5,10
"363",363,30,3,1,1,0,0,0,0,0,5,4,3,3,3,3,2,2,0,0,2,5,15
"364",364,20,4,0,1,0,0,0,0,0,6,5,2,1,3,2,0,3,0,0,1,3,8
"365",365,27,1,0,1,0,0,0,0,0,6,5,3,3,3,3,1,2,0,1,3,7,12
"366",366,25,2,1,1,0,0,0,0,1,6,5,3,1,3,2.33333333333333,1,1,1,0,3,6,12
"367",367,19,3,0,1,0,0,0,0,0,1,0,3,3,3,3,2,3,3,0,3,7,12
"368",368,29,4,0,1,0,0,0,0,0,3,2,2,2,3,2.33333333333333,2,1,0,0,2,4,11
"369",369,23,1,1,1,0,0,0,0,1,2,1,2,1,3,2,0,3,0,0,1,3,7
"370",370,30,2,0,1,0,0,0,0,0,2,1,2,2,3,2.33333333333333,1,1,0,1,3,6,14
"371",371,29,3,0,1,0,0,0,0,0,1,0,NA,2,3,2.5,1,2,1,0,3,7,14
"372",372,23,4,0,1,0,0,0,0,0,2,1,4,3,3,3.33333333333333,1,1,1,0,3,7,11
"373",373,23,1,0,1,0,0,0,0,0,4,3,2,3,2,2.33333333333333,1,2,0,0,2,4,9
"374",374,19,2,1,1,0,0,0,0,1,1,0,2,2,2,2,1,1,1,0,3,6,11
"375",375,21,3,0,1,0,0,0,0,0,6,5,2,1,3,2,1,2,1,0,3,6,12
"376",376,21,4,0,1,0,0,0,0,0,6,5,2,2,3,2.33333333333333,0,2,0,0,1,3,9
"377",377,18,1,0,1,0,0,0,0,0,5,4,2,1,2,1.66666666666667,0,2,0,1,2,4,7
"378",378,20,2,1,1,0,0,0,0,0,3,2,3,2,3,2.66666666666667,1,1,1,0,3,6,12
"379",379,23,3,0,1,0,0,0,0,0,6,5,2,1,3,2,1,2,1,1,4,8,14
"380",380,22,4,0,1,0,0,0,0,0,3,2,3,2,3,2.66666666666667,2,1,0,1,3,6,12
"381",381,27,1,0,1,0,0,0,0,1,4,3,3,2,3,2.66666666666667,1,1,1,0,3,7,14
"382",382,29,2,0,1,0,0,0,0,0,4,3,2,2,3,2.33333333333333,1,1,0,0,2,5,10
"383",383,30,3,1,1,0,0,0,0,0,3,2,3,3,3,3,1,1,1,0,3,7,13
"384",384,26,4,0,1,0,0,0,0,0,4,3,2,1,3,2,1,3,0,0,2,5,10
"385",385,18,1,1,1,0,0,0,0,0,2,1,3,1,3,2.33333333333333,0,1,0,0,1,3,7
"386",386,28,2,0,1,0,0,0,0,0,5,4,2,1,3,2,0,1,0,0,1,3,9
"387",387,26,3,0,1,0,0,0,0,0,4,3,3,2,2,2.33333333333333,1,2,1,0,3,7,15
"388",388,24,4,0,1,0,0,0,0,0,5,4,2,2,3,2.33333333333333,0,2,3,2,3,6,12
"389",389,27,1,1,1,0,0,0,0,0,3,2,2,2,3,2.33333333333333,2,2,2,0,3,6,12
"390",390,21,2,1,1,0,0,0,0,0,5,4,2,2,3,2.33333333333333,2,1,0,1,3,6,11
"391",391,29,3,0,1,0,0,0,0,0,5,4,3,2,3,2.66666666666667,0,0,0,0,0,2,8
"392",392,29,4,0,1,0,0,0,0,1,4,3,3,2,3,2.66666666666667,1,2,2,0,3,7,13
"393",393,29,1,0,1,0,0,0,0,0,3,2,2,0,3,1.66666666666667,1,2,0,1,3,6,12
"394",394,24,2,0,1,0,0,0,0,0,5,4,2,2,3,2.33333333333333,1,1,0,1,3,6,11
"395",395,27,3,0,1,0,0,0,0,1,1,0,3,2,3,2.66666666666667,0,2,2,0,2,5,12
"396",396,25,4,0,1,0,0,0,0,0,4,3,3,1,3,2.33333333333333,1,2,0,0,2,5,9
"397",397,30,1,0,1,0,0,0,0,1,4,3,3,2,3,2.66666666666667,0,1,0,0,1,4,11
"398",398,30,2,1,1,0,0,0,0,0,5,4,2,1,3,2,0,0,1,0,1,3,6
"399",399,27,3,0,1,0,0,0,0,0,5,4,4,3,3,3.33333333333333,2,0,1,0,2,5,10
"400",400,23,4,0,1,0,0,0,0,0,6,5,2,2,3,2.33333333333333,0,1,0,1,2,5,10
"401",401,18,1,0,1,0,0,0,0,0,3,2,3,2,3,2.66666666666667,1,2,1,0,3,7,12
"402",402,22,2,0,1,0,0,0,0,0,5,4,3,3,3,3,1,2,1,0,3,7,15
"403",403,30,3,0,1,0,0,0,0,0,5,4,3,3,3,3,1,3,0,0,2,5,12
"404",404,30,4,1,1,0,0,0,0,1,5,4,2,2,3,2.33333333333333,1,3,0,0,2,5,10
"405",405,20,1,0,1,0,0,0,0,0,3,2,2,1,3,2,1,3,0,1,3,6,13
"406",406,23,2,1,1,0,0,0,0,0,4,3,3,1,3,2.33333333333333,2,2,0,0,2,5,7
"407",407,19,3,0,1,0,0,0,0,0,1,0,3,3,3,3,1,1,0,0,2,5,12
"408",408,28,4,0,1,0,0,0,0,0,2,1,2,1,3,2,0,1,0,0,1,3,9
"409",409,29,1,0,1,0,0,0,0,1,5,4,3,3,3,3,0,0,0,0,0,2,9
"410",410,21,2,0,1,0,0,0,0,0,5,4,3,1,3,2.33333333333333,0,3,2,1,3,6,11
"411",411,28,3,0,1,0,0,0,0,0,5,4,3,3,3,3,0,1,1,0,2,5,11
"412",412,25,4,0,1,0,0,0,0,0,6,5,3,2,3,2.66666666666667,0,2,0,0,1,4,14
"413",413,21,1,0,1,0,0,0,0,0,1,0,2,1,3,2,1,2,1,0,3,6,10
"414",414,27,2,1,1,0,0,0,0,0,4,3,2,1,3,2,1,1,0,0,2,4,7
"415",415,19,3,0,1,0,0,0,0,1,2,1,3,1,3,2.33333333333333,1,2,1,0,3,6,12
"416",416,19,4,1,1,0,0,0,0,0,1,0,2,3,3,2.66666666666667,1,2,0,0,2,5,10
"417",417,24,1,0,1,0,0,0,0,0,2,1,2,1,3,2,2,1,0,0,2,4,11
"418",418,23,2,0,1,0,0,0,0,0,3,2,2,2,3,2.33333333333333,1,3,1,0,3,6,11
"419",419,23,3,1,1,0,0,0,0,0,3,2,3,1,3,2.33333333333333,0,2,0,0,1,3,9
"420",420,30,4,0,1,0,0,0,0,0,5,4,2,2,3,2.33333333333333,1,2,0,0,2,5,13
"421",421,19,1,0,1,0,0,0,0,1,1,0,2,2,3,2.33333333333333,1,1,0,0,2,5,10
"422",422,26,2,0,1,0,0,0,0,1,2,1,3,2,3,2.66666666666667,1,1,0,0,2,5,9
"423",423,22,3,0,1,0,0,0,0,0,1,0,3,3,3,3,2,2,0,1,3,6,12
"424",424,28,4,0,1,0,0,0,0,0,6,5,3,1,3,2.33333333333333,2,3,2,0,3,6,13
"425",425,29,1,0,1,0,0,0,0,0,3,2,2,2,3,2.33333333333333,0,1,1,0,2,5,11
"426",426,23,2,1,1,0,0,0,0,1,4,3,3,3,3,3,0,1,2,0,2,5,11
"427",427,21,3,0,1,0,0,0,0,1,1,0,2,1,3,2,0,3,0,1,2,5,11
"428",428,26,4,0,1,0,0,0,0,0,6,6,2,1,2,1.66666666666667,2,3,0,0,2,4,12
"429",429,26,1,0,1,0,0,0,0,1,5,4,3,2,4,3,1,2,1,0,3,7,12
"430",430,24,2,0,1,0,0,0,0,1,6,5,4,3,3,3.33333333333333,1,0,2,1,3,7,12
"431",431,29,3,1,1,0,0,0,0,0,3,2,2,3,3,2.66666666666667,0,1,1,0,2,5,11
"432",432,22,4,0,1,0,0,0,0,0,6,5,3,2,2,2.33333333333333,0,2,0,1,2,5,9
"433",433,24,1,1,1,0,0,0,0,0,1,0,3,2,3,2.66666666666667,2,2,1,0,3,7,11
"434",434,23,2,1,1,0,0,0,0,0,3,2,3,2,3,2.66666666666667,3,2,2,0,3,7,11
"435",435,23,3,0,1,0,0,0,0,1,1,0,1,2,3,2,1,1,1,0,3,6,11
"436",436,20,4,0,1,0,0,0,0,0,4,3,3,4,3,3.33333333333333,0,2,0,0,1,4,10
"437",437,22,1,0,1,0,0,0,0,0,6,5,3,1,3,2.33333333333333,0,2,2,1,3,6,11
"438",438,26,2,0,1,0,0,0,0,1,2,1,4,4,3,3.66666666666667,2,2,1,0,3,7,13
"439",439,22,3,0,1,0,0,0,0,0,5,4,3,3,3,3,1,2,1,0,3,7,9
"440",440,29,4,0,1,0,0,0,0,0,5,4,2,3,3,2.66666666666667,0,0,1,1,2,5,12
"441",441,24,1,1,1,0,0,0,0,0,2,1,2,2,3,2.33333333333333,2,0,0,0,1,3,8
"442",442,19,2,0,1,0,0,0,0,1,5,4,2,2,3,2.33333333333333,2,3,1,0,3,6,12
"443",443,26,3,1,1,0,0,0,0,0,1,0,1,0,2,1,1,2,1,0,3,5,11
"444",444,23,4,0,1,0,0,0,0,0,6,5,3,2,4,3,0,2,1,1,3,7,13
"445",445,30,1,0,1,0,0,0,0,0,5,4,3,3,2,2.66666666666667,0,2,0,0,1,3,11
"446",446,20,2,0,1,0,0,0,0,0,3,2,3,1,3,2.33333333333333,1,2,0,0,2,5,9
"447",447,27,3,0,1,0,0,0,0,1,3,2,3,NA,3,3,1,1,0,0,2,5,11
"448",448,28,4,0,1,0,0,0,0,0,5,4,3,2,3,2.66666666666667,2,1,0,0,2,5,16
"449",449,18,1,1,1,0,0,0,0,1,2,1,2,1,3,2,1,1,2,0,3,6,10
"450",450,21,2,0,1,0,0,0,0,1,1,0,3,3,3,3,1,2,1,0,3,7,14
"451",451,20,3,0,1,0,0,0,0,0,6,5,3,2,3,2.66666666666667,0,0,0,0,0,2,5
"452",452,26,4,0,1,0,0,0,0,0,5,4,3,3,3,3,2,0,2,1,3,7,14
"453",453,21,1,1,1,0,0,0,0,0,2,1,1,1,3,1.66666666666667,1,2,1,0,3,6,9
"454",454,28,2,0,1,0,0,0,0,1,1,0,2,2,3,2.33333333333333,0,1,0,0,1,3,7
"455",455,23,3,0,1,0,0,0,0,0,4,3,2,2,3,2.33333333333333,1,1,0,0,2,4,9
"456",456,30,4,0,1,0,0,0,0,0,4,3,3,2,3,2.66666666666667,0,1,0,2,2,5,9
"457",457,19,1,1,1,0,0,0,0,1,5,4,2,1,2,1.66666666666667,0,1,1,1,3,6,8
"458",458,30,2,0,1,0,0,0,0,0,1,0,3,3,3,3,2,2,0,1,3,7,13
"459",459,20,3,0,1,0,0,0,0,0,6,6,2,3,3,2.66666666666667,0,2,0,1,2,5,10
"460",460,18,4,0,1,0,0,0,0,0,1,0,4,4,4,4,1,1,0,1,3,8,14
"461",461,18,1,0,1,0,0,0,0,0,5,4,4,3,4,3.66666666666667,2,2,0,0,2,6,12
"462",462,23,2,0,1,0,0,0,0,0,6,4,2,2,3,2.33333333333333,1,1,0,0,2,5,10
"463",463,18,3,0,1,0,0,0,0,0,3,2,2,1,4,2.33333333333333,0,1,2,1,3,6,11
"464",464,20,4,1,1,0,0,0,0,1,6,5,2,1,3,2,1,1,0,0,2,5,10
"465",465,30,1,0,1,0,0,0,0,0,6,5,2,2,3,2.33333333333333,1,2,0,0,2,5,12
"466",466,30,2,0,1,0,0,0,0,0,6,5,2,2,3,2.33333333333333,1,2,0,0,2,5,10
"467",467,20,3,0,1,0,0,0,0,0,1,0,3,2,3,2.66666666666667,2,2,0,0,2,5,11
"468",468,30,4,1,1,0,0,0,0,1,3,2,NA,2,3,2.5,0,0,1,1,2,5,13
"469",469,22,1,0,1,0,0,0,0,1,5,4,3,2,3,2.66666666666667,2,2,1,0,3,6,11
"470",470,24,2,0,1,0,0,0,0,0,4,3,2,0,4,2,1,2,1,1,4,8,15
"471",471,21,3,1,1,0,0,0,0,0,3,2,3,3,3,3,0,1,0,1,2,5,9
"472",472,21,4,0,1,0,0,0,0,0,2,1,3,2,4,3,1,0,0,0,1,4,10
"473",473,21,1,1,1,0,0,0,0,1,5,4,1,2,3,2,1,1,0,0,2,5,9
"474",474,21,2,1,1,0,0,0,0,1,1,0,3,4,3,3.33333333333333,1,2,0,0,2,5,10
"475",475,29,3,0,1,0,0,0,0,0,4,3,2,2,3,2.33333333333333,2,2,0,0,2,5,9
"476",476,21,4,0,1,0,0,0,0,0,4,3,3,1,3,2.33333333333333,2,2,0,0,2,5,12
"477",477,23,1,0,1,0,0,0,0,1,5,4,3,4,3,3.33333333333333,1,2,2,1,4,8,12
"478",478,22,2,0,1,0,0,0,0,0,6,5,3,2,3,2.66666666666667,2,3,0,0,2,5,10
"479",479,29,3,0,1,0,0,0,0,0,6,5,3,NA,3,3,1,2,2,0,3,7,12
"480",480,30,4,0,1,0,0,0,0,0,6,5,2,1,3,2,1,2,1,0,3,6,12
"481",481,30,1,0,1,0,0,0,0,1,4,3,4,4,3,3.66666666666667,0,3,0,0,1,4,12
"482",482,20,2,0,1,0,0,0,0,1,5,4,2,NA,3,2.5,0,2,1,0,2,5,10
"483",483,23,3,0,1,0,0,0,0,0,3,2,3,2,2,2.33333333333333,2,0,1,0,2,5,11
"484",484,19,4,0,1,0,0,0,0,0,6,5,2,2,4,2.66666666666667,1,2,2,1,4,8,14
"485",485,26,1,1,1,0,0,0,0,0,4,3,3,2,3,2.66666666666667,0,2,0,1,2,5,11
"486",486,27,2,0,1,0,0,0,0,0,5,4,4,3,4,3.66666666666667,1,3,1,0,3,7,14
"487",487,24,3,0,1,0,0,0,0,0,1,0,3,2,3,2.66666666666667,2,2,0,0,2,5,11
"488",488,28,4,0,1,0,0,0,0,0,1,0,3,2,3,2.66666666666667,0,1,0,0,1,3,7
"489",489,25,1,0,1,0,0,0,0,0,4,3,2,2,3,2.33333333333333,1,1,1,0,3,6,13
"490",490,20,2,1,1,0,0,0,0,1,5,4,3,1,4,2.66666666666667,1,0,1,0,2,5,8
"491",491,19,3,0,1,0,0,0,0,0,1,0,2,1,3,2,0,2,1,0,2,5,13
"492",492,20,4,1,1,0,0,0,0,0,4,3,2,1,3,2,0,3,0,0,1,3,10
"493",493,24,1,0,1,0,0,0,0,0,5,4,2,1,3,2,1,2,0,1,3,6,11
"494",494,29,2,1,1,0,0,0,0,1,1,0,3,2,3,2.66666666666667,1,3,1,0,3,6,13
"495",495,30,3,1,1,0,0,0,0,0,5,4,3,3,3,3,1,3,2,0,3,7,12
"496",496,29,4,0,1,0,0,0,0,0,5,4,3,2,2,2.33333333333333,0,2,1,0,2,5,12
"497",497,25,1,0,1,0,0,0,0,0,2,1,3,2,3,2.66666666666667,0,2,1,1,3,7,12
"498",498,19,2,0,1,0,0,0,0,0,6,5,3,3,3,3,1,2,1,1,4,8,13
"499",499,23,3,1,1,0,0,0,0,0,2,1,2,2,3,2.33333333333333,0,2,0,0,1,3,8
"500",500,28,4,1,1,0,0,0,0,0,2,1,3,2,3,2.66666666666667,2,1,1,1,4,8,12
"501",501,42,1,0,0,1,0,0,0,0,6,5,2,2,3,2.33333333333333,0,1,2,0,2,5,9
"502",502,58,2,0,0,1,0,0,0,0,5,4,3,2,4,3,0,1,1,1,3,7,8
"503",503,52,3,0,0,1,0,0,0,0,3,2,3,2,4,3,2,3,0,0,2,6,4
"504",504,33,4,0,0,1,0,0,0,1,4,3,2,1,3,2,1,1,1,0,3,6,8
"505",505,43,1,0,0,1,0,0,0,0,3,2,3,3,3,3,3,1,1,0,3,7,9
"506",506,35,2,0,0,1,0,0,0,0,3,2,2,2,3,2.33333333333333,1,2,1,0,3,6,8
"507",507,54,3,0,0,1,0,0,0,0,2,1,3,1,3,2.33333333333333,2,3,2,0,3,7,8
"508",508,47,4,0,0,1,0,0,0,0,5,4,3,3,2,2.66666666666667,0,1,0,0,1,3,4
"509",509,60,1,1,0,1,0,0,0,0,4,3,3,2,4,3,2,2,1,0,3,7,6
"510",510,52,2,0,0,1,0,0,0,0,5,4,3,2,3,2.66666666666667,2,2,0,0,2,5,6
"511",511,57,3,1,0,1,0,0,0,0,5,4,2,2,3,2.33333333333333,0,2,0,0,1,3,3
"512",512,57,4,0,0,1,0,0,0,0,6,5,2,3,3,2.66666666666667,2,0,1,0,2,5,5
"513",513,38,1,0,0,1,0,0,0,0,2,1,3,1,2,2,1,3,0,1,3,6,7
"514",514,29,2,0,0,1,0,0,0,0,6,5,2,3,3,2.66666666666667,0,2,1,1,3,7,11
"515",515,33,3,0,0,1,0,0,0,1,3,2,3,2,3,2.66666666666667,0,1,0,1,2,5,7
"516",516,36,4,1,0,1,0,0,0,0,3,2,2,NA,4,3,2,2,1,0,3,7,7
"517",517,52,1,0,0,1,0,0,0,0,6,5,3,1,3,2.33333333333333,2,1,1,0,3,6,5
"518",518,50,2,0,0,1,0,0,0,0,2,1,2,3,4,3,1,2,1,0,3,7,8
"519",519,49,3,1,0,1,0,0,0,0,3,2,4,3,4,3.66666666666667,1,2,0,0,2,6,6
"520",520,54,4,0,0,1,0,0,0,0,2,1,2,1,3,2,0,2,1,0,2,4,5
"521",521,41,1,0,0,1,0,0,0,0,5,4,2,1,2,1.66666666666667,0,1,0,0,1,3,3
"522",522,56,2,0,0,1,0,0,0,0,2,1,3,2,4,3,1,2,0,0,2,5,8
"523",523,47,3,0,0,1,0,0,0,0,4,3,2,2,3,2.33333333333333,1,0,0,1,2,5,5
"524",524,35,4,0,0,1,0,0,0,0,1,0,2,2,3,2.33333333333333,1,1,0,0,2,5,7
"525",525,60,1,1,0,1,0,0,0,1,5,4,2,3,2,2.33333333333333,1,2,0,0,2,5,5
"526",526,45,2,0,0,1,0,0,0,0,6,5,3,2,3,2.66666666666667,0,1,1,0,2,5,7
"527",527,32,3,0,0,1,0,0,0,0,5,4,3,3,3,3,0,1,1,0,2,5,7
"528",528,60,4,1,0,1,0,0,0,0,4,3,1,1,3,1.66666666666667,1,2,0,0,2,4,5
"529",529,57,1,1,0,1,0,0,0,0,2,1,2,2,3,2.33333333333333,0,2,1,0,2,5,5
"530",530,40,2,0,0,1,0,0,0,0,2,1,3,2,3,2.66666666666667,1,3,0,2,3,6,8
"531",531,37,3,0,0,1,0,0,0,1,2,1,3,2,3,2.66666666666667,3,3,2,0,3,7,10
"532",532,40,4,0,0,1,0,0,0,0,6,3,2,3,3,2.66666666666667,0,2,0,0,1,4,5
"533",533,50,1,0,0,1,0,0,0,0,3,2,3,1,3,2.33333333333333,1,2,1,0,3,6,10
"534",534,46,2,0,0,1,0,0,0,0,2,1,2,2,3,2.33333333333333,1,2,1,0,3,6,6
"535",535,44,3,0,0,1,0,0,0,0,2,1,2,2,3,2.33333333333333,1,3,1,1,4,8,8
"536",536,40,4,1,0,1,0,0,0,0,1,0,3,2,3,2.66666666666667,0,2,1,0,2,5,5
"537",537,52,1,0,0,1,0,0,0,0,3,2,3,2,3,2.66666666666667,2,2,0,0,2,5,8
"538",538,44,2,1,0,1,0,0,0,0,1,0,2,2,3,2.33333333333333,1,2,1,0,3,6,7
"539",539,38,3,0,0,1,0,0,0,1,6,5,2,3,3,2.66666666666667,1,3,0,1,3,7,11
"540",540,56,4,0,0,1,0,0,0,0,2,1,2,2,2,2,2,1,1,1,4,8,10
"541",541,57,1,0,0,1,0,0,0,0,6,5,2,1,2,1.66666666666667,0,3,0,0,1,3,4
"542",542,48,2,0,0,1,0,0,0,0,3,2,2,2,3,2.33333333333333,0,1,1,0,2,5,7
"543",543,41,3,0,0,1,0,0,0,1,6,5,2,3,3,2.66666666666667,1,2,1,0,3,7,7
"544",544,43,4,0,0,1,0,0,0,0,5,4,3,2,3,2.66666666666667,2,3,0,2,3,7,8
"545",545,39,1,0,0,1,0,0,0,0,4,3,3,3,3,3,0,1,1,0,2,5,6
"546",546,59,2,0,0,1,0,0,0,0,1,0,3,2,3,2.66666666666667,0,1,2,1,3,7,9
"547",547,52,3,0,0,1,0,0,0,0,5,4,2,2,3,2.33333333333333,0,2,0,1,2,5,5
"548",548,31,4,0,0,1,0,0,0,0,3,2,2,2,3,2.33333333333333,0,2,0,0,1,3,4
"549",549,48,1,0,0,1,0,0,0,0,1,0,3,3,4,3.33333333333333,2,1,0,1,3,7,6
"550",550,37,2,0,0,1,0,0,0,1,4,3,2,3,3,2.66666666666667,1,1,1,0,3,6,10
"551",551,49,3,0,0,1,0,0,0,0,4,3,3,3,3,3,0,2,3,0,2,5,7
"552",552,43,4,1,0,1,0,0,0,0,2,1,2,2,3,2.33333333333333,2,2,0,1,3,6,5
"553",553,26,1,1,0,1,0,0,0,0,1,0,2,1,3,2,0,2,1,0,2,5,7
"554",554,59,2,0,0,1,0,0,0,0,2,1,3,3,3,3,0,2,0,0,1,4,7
"555",555,48,3,0,0,1,0,0,0,0,2,1,3,1,4,2.66666666666667,1,1,0,0,2,5,5
"556",556,58,4,0,0,1,0,0,0,0,5,5,2,3,3,2.66666666666667,1,3,0,0,2,5,6
"557",557,45,1,0,0,1,0,0,0,1,2,1,NA,1,3,2,0,2,0,0,1,3,3
"558",558,47,2,0,0,1,0,0,0,0,5,4,3,2,3,2.66666666666667,0,2,1,0,2,5,4
"559",559,41,3,0,0,1,0,0,0,1,3,2,2,2,3,2.33333333333333,1,1,0,1,3,6,6
"560",560,26,4,0,0,1,0,0,0,0,1,0,3,2,3,2.66666666666667,0,1,0,1,2,5,9
"561",561,25,1,1,0,1,0,0,0,0,5,4,2,2,3,2.33333333333333,2,2,1,0,3,6,11
"562",562,42,2,0,0,1,0,0,0,0,4,3,3,2,4,3,0,1,1,0,2,5,6
"563",563,57,3,0,0,1,0,0,0,0,2,1,3,1,3,2.33333333333333,1,1,0,0,2,5,5
"564",564,28,4,1,0,1,0,0,0,0,5,4,3,2,3,2.66666666666667,1,1,0,1,3,7,10
"565",565,43,1,0,0,1,0,0,0,0,2,1,NA,2,4,3,1,2,0,0,2,5,7
"566",566,56,2,0,0,1,0,0,0,0,1,0,3,3,2,2.66666666666667,0,3,0,0,1,3,3
"567",567,56,3,0,0,1,0,0,0,0,5,4,2,2,3,2.33333333333333,1,2,0,1,3,6,6
"568",568,38,4,0,0,1,0,0,0,0,5,4,2,1,3,2,1,0,1,0,2,4,7
"569",569,48,1,0,0,1,0,0,0,0,6,5,3,2,3,2.66666666666667,1,0,1,0,2,5,6
"570",570,30,2,1,0,1,0,0,0,1,4,3,3,2,4,3,2,2,1,0,3,7,15
"571",571,39,3,1,0,1,0,0,0,1,3,2,2,2,3,2.33333333333333,2,2,0,1,3,6,6
"572",572,56,4,0,0,1,0,0,0,0,4,3,3,3,3,3,0,2,0,1,2,6,5
"573",573,57,1,0,0,1,0,0,0,0,2,1,2,1,2,1.66666666666667,1,2,0,0,2,4,5
"574",574,45,2,0,0,1,0,0,0,0,5,4,3,2,3,2.66666666666667,2,2,1,0,3,7,8
"575",575,39,3,0,0,1,0,0,0,0,6,5,3,2,3,2.66666666666667,2,1,0,0,2,5,3
"576",576,37,4,0,0,1,0,0,0,0,2,1,2,1,4,2.33333333333333,1,2,0,0,2,5,8
"577",577,57,1,0,0,1,0,0,0,0,5,4,2,3,3,2.66666666666667,2,0,0,0,1,4,6
"578",578,36,2,1,0,1,0,0,0,0,2,1,2,2,3,2.33333333333333,1,1,0,0,2,5,5
"579",579,57,3,0,0,1,0,0,0,0,2,1,2,2,3,2.33333333333333,0,2,0,0,1,3,1
"580",580,59,4,1,0,1,0,0,0,0,5,4,3,2,3,2.66666666666667,2,3,0,0,2,5,5
"581",581,42,1,1,0,1,0,0,0,0,3,2,2,3,3,2.66666666666667,1,0,0,0,1,3,4
"582",582,38,2,0,0,1,0,0,0,0,6,5,3,3,4,3.33333333333333,1,3,1,0,3,7,9
"583",583,40,3,1,0,1,0,0,0,1,3,2,2,2,3,2.33333333333333,0,0,0,0,0,2,2
"584",584,50,4,0,0,1,0,0,0,0,6,5,2,2,3,2.33333333333333,1,1,0,1,3,6,11
"585",585,32,1,0,0,1,0,0,0,0,4,3,NA,1,3,2,2,0,0,0,1,3,3
"586",586,39,2,1,0,1,0,0,0,0,3,2,3,2,4,3,1,3,0,0,2,5,7
"587",587,39,3,0,0,1,0,0,0,0,1,0,3,1,3,2.33333333333333,1,2,1,1,4,8,8
"588",588,29,4,0,0,1,0,0,0,0,1,0,3,NA,3,3,0,2,2,1,3,7,15
"589",589,30,1,1,0,1,0,0,0,0,5,4,3,3,3,3,1,2,0,0,2,5,10
"590",590,41,2,0,0,1,0,0,0,0,1,0,2,1,2,1.66666666666667,0,1,0,1,2,4,4
"591",591,59,3,0,0,1,0,0,0,1,4,3,NA,2,3,2.5,0,2,0,1,2,5,7
"592",592,56,4,0,0,1,0,0,0,1,4,3,4,3,3,3.33333333333333,1,2,1,0,3,7,8
"593",593,38,1,0,0,1,0,0,0,0,5,4,2,1,3,2,0,2,2,0,2,5,6
"594",594,45,2,0,0,1,0,0,0,0,3,2,2,3,3,2.66666666666667,1,1,1,1,4,8,7
"595",595,60,3,1,0,1,0,0,0,0,1,0,2,1,3,2,1,1,1,0,3,6,6
"596",596,47,4,0,0,1,0,0,0,0,3,2,3,2,3,2.66666666666667,2,0,0,0,1,3,6
"597",597,42,1,0,0,1,0,0,0,0,2,1,2,1,3,2,2,2,0,0,2,5,5
"598",598,37,2,0,0,1,0,0,0,0,6,5,3,3,4,3.33333333333333,1,1,1,1,4,9,11
"599",599,27,3,1,0,1,0,0,0,0,2,1,2,1,3,2,0,1,0,1,2,5,11
"600",600,32,4,0,0,1,0,0,0,0,3,2,3,3,3,3,0,2,0,1,2,5,5
"601",601,25,1,0,0,1,0,0,0,0,1,0,2,1,3,2,1,2,1,0,3,6,13
"602",602,35,2,0,0,1,0,0,0,0,4,3,3,2,3,2.66666666666667,0,1,2,0,2,5,6
"603",603,43,3,0,0,1,0,0,0,0,5,4,2,2,3,2.33333333333333,2,0,0,1,2,5,6
"604",604,47,4,1,0,1,0,0,0,0,6,5,2,3,3,2.66666666666667,1,2,0,1,3,7,8
"605",605,58,1,0,0,1,0,0,0,0,6,5,2,1,4,2.33333333333333,1,1,0,0,2,5,5
"606",606,31,2,0,0,1,0,0,0,0,4,3,3,4,4,3.66666666666667,1,1,0,1,3,7,7
"607",607,40,3,0,0,1,0,0,0,0,1,0,3,2,3,2.66666666666667,1,2,0,0,2,5,6
"608",608,25,4,0,0,1,0,0,0,0,2,1,2,1,3,2,1,2,1,1,4,8,13
"609",609,31,1,0,0,1,0,0,0,0,5,4,3,3,3,3,1,2,0,0,2,5,8
"610",610,46,2,0,0,1,0,0,0,0,3,2,2,2,3,2.33333333333333,2,1,1,0,3,6,8
"611",611,49,3,0,0,1,0,0,0,0,6,6,3,2,3,2.66666666666667,2,2,0,0,2,5,6
"612",612,34,4,1,0,1,0,0,0,1,4,3,2,1,3,2,1,2,1,0,3,6,9
"613",613,59,1,0,0,1,0,0,0,0,5,4,2,2,4,2.66666666666667,2,1,0,0,2,5,4
"614",614,51,2,0,0,1,0,0,0,0,2,1,3,3,3,3,0,3,0,0,1,4,6
"615",615,27,3,0,0,1,0,0,0,0,4,3,3,4,2,3,3,1,0,0,2,5,11
"616",616,53,4,0,0,1,0,0,0,0,6,5,1,0,3,1.33333333333333,2,1,0,0,2,4,3
"617",617,25,1,0,0,1,0,0,0,1,4,3,3,3,3,3,0,0,1,0,1,4,11
"618",618,60,2,0,0,1,0,0,0,0,5,4,2,3,2,2.33333333333333,1,2,0,2,3,6,7
"619",619,56,3,0,0,1,0,0,0,0,3,2,2,2,3,2.33333333333333,1,3,2,1,4,7,7
"620",620,58,4,1,0,1,0,0,0,0,6,5,3,3,3,3,1,2,0,0,2,5,7
"621",621,29,1,0,0,1,0,0,0,0,6,2,3,3,3,3,1,1,0,0,2,6,10
"622",622,46,2,0,0,1,0,0,0,0,1,0,2,2,3,2.33333333333333,1,2,2,0,3,6,9
"623",623,42,3,1,0,1,0,0,0,0,1,0,3,2,3,2.66666666666667,1,2,0,1,3,7,10
"624",624,56,4,0,0,1,0,0,0,0,4,3,4,3,3,3.33333333333333,1,0,0,0,1,4,5
"625",625,31,1,1,0,1,0,0,0,0,2,1,3,2,3,2.66666666666667,1,2,1,0,3,7,4
"626",626,44,2,1,0,1,0,0,0,0,2,1,1,1,2,1.33333333333333,2,1,0,0,2,4,4
"627",627,41,3,1,0,1,0,0,0,0,5,4,3,2,3,2.66666666666667,2,1,1,0,3,7,7
"628",628,54,4,0,0,1,0,0,0,0,1,0,2,1,2,1.66666666666667,0,2,0,0,1,3,5
"629",629,35,1,0,0,1,0,0,0,1,5,4,3,2,3,2.66666666666667,1,2,1,1,4,8,8
"630",630,26,2,0,0,1,0,0,0,1,2,1,3,3,3,3,1,2,0,0,2,5,10
"631",631,46,3,1,0,1,0,0,0,0,4,3,3,3,2,2.66666666666667,1,2,1,0,3,6,5
"632",632,27,4,0,0,1,0,0,0,0,5,4,2,2,3,2.33333333333333,1,1,0,1,3,6,12
"633",633,50,1,0,0,1,0,0,0,0,5,4,3,4,4,3.66666666666667,1,1,0,0,2,6,8
"634",634,35,2,0,0,1,0,0,0,0,1,0,3,2,3,2.66666666666667,1,0,0,1,2,5,7
"635",635,49,3,0,0,1,0,0,0,0,3,2,2,3,3,2.66666666666667,0,1,0,0,1,3,3
"636",636,30,4,0,0,1,0,0,0,0,2,1,2,3,3,2.66666666666667,0,3,1,0,2,5,10
"637",637,58,1,0,0,1,0,0,0,0,5,4,2,2,2,2,0,1,0,0,1,3,3
"638",638,51,2,1,0,1,0,0,0,0,5,4,3,2,4,3,0,1,1,0,2,5,4
"639",639,40,3,1,0,1,0,0,0,0,2,1,3,3,4,3.33333333333333,1,2,1,0,3,7,8
"640",640,47,4,0,0,1,0,0,0,1,5,5,2,3,3,2.66666666666667,1,3,1,0,3,6,7
"641",641,50,1,1,0,1,0,0,0,0,5,4,2,1,3,2,0,2,2,0,2,5,4
"642",642,55,2,1,0,1,0,0,0,0,6,5,3,2,3,2.66666666666667,1,0,2,0,2,5,4
"643",643,25,3,0,0,1,0,0,0,0,2,1,3,3,3,3,0,2,1,2,3,7,11
"644",644,40,4,1,0,1,0,0,0,0,1,0,4,1,3,2.66666666666667,1,2,0,0,2,5,9
"645",645,31,1,0,0,1,0,0,0,0,1,0,3,4,4,3.66666666666667,2,0,0,2,2,6,6
"646",646,45,2,0,0,1,0,0,0,0,3,2,3,2,3,2.66666666666667,2,1,1,0,3,6,7
"647",647,49,3,0,0,1,0,0,0,0,4,3,2,2,3,2.33333333333333,1,0,0,0,1,3,3
"648",648,60,4,0,0,1,0,0,0,0,3,2,3,3,4,3.33333333333333,1,1,0,0,2,5,6
"649",649,52,1,0,0,1,0,0,0,0,5,4,3,2,3,2.66666666666667,1,2,1,1,4,8,9
"650",650,37,2,0,0,1,0,0,0,1,4,3,2,2,3,2.33333333333333,2,1,0,0,2,5,7
"651",651,31,3,0,0,1,0,0,0,0,6,4,2,2,2,2,0,0,0,1,1,3,5
"652",652,40,4,0,0,1,0,0,0,0,1,0,2,1,3,2,0,1,0,0,1,3,3
"653",653,33,1,1,0,1,0,0,0,0,6,5,2,0,3,1.66666666666667,1,1,0,1,3,6,7
"654",654,51,2,0,0,1,0,0,0,0,5,4,2,2,3,2.33333333333333,0,2,0,0,1,3,5
"655",655,60,3,0,0,1,0,0,0,0,4,3,2,2,3,2.33333333333333,0,0,0,0,0,2,1
"656",656,53,4,0,0,1,0,0,0,0,3,2,2,2,3,2.33333333333333,3,3,1,0,3,6,5
"657",657,56,1,0,0,1,0,0,0,0,6,5,3,2,3,2.66666666666667,0,0,1,0,1,4,7
"658",658,29,2,0,0,1,0,0,0,0,6,5,4,2,3,3,3,1,0,1,3,7,13
"659",659,43,3,0,0,1,0,0,0,0,2,1,2,2,3,2.33333333333333,2,3,1,0,3,6,9
"660",660,43,4,0,0,1,0,0,0,0,6,5,3,1,4,2.66666666666667,2,2,1,0,3,7,8
"661",661,55,1,0,0,1,0,0,0,0,4,3,3,2,4,3,0,1,0,0,1,4,4
"662",662,27,2,0,0,1,0,0,0,0,4,3,2,2,3,2.33333333333333,2,2,0,0,2,4,11
"663",663,50,3,0,0,1,0,0,0,0,6,5,3,2,3,2.66666666666667,0,3,1,0,2,5,5
"664",664,50,4,0,0,1,0,0,0,0,3,2,2,1,2,1.66666666666667,0,3,0,0,1,3,3
"665",665,35,1,0,0,1,0,0,0,0,3,2,2,3,3,2.66666666666667,2,0,1,1,3,6,7
"666",666,48,2,0,0,1,0,0,0,1,3,2,3,2,3,2.66666666666667,0,2,0,0,1,4,6
"667",667,36,3,0,0,1,0,0,0,0,4,3,2,2,3,2.33333333333333,1,1,0,0,2,5,8
"668",668,43,4,0,0,1,0,0,0,0,6,5,3,1,3,2.33333333333333,0,2,0,1,2,5,7
"669",669,48,1,1,0,1,0,0,0,1,4,3,3,3,2,2.66666666666667,2,2,1,0,3,7,6
"670",670,43,2,1,0,1,0,0,0,0,3,2,2,1,3,2,0,2,0,0,1,3,6
"671",671,30,3,0,0,1,0,0,0,0,4,3,2,2,3,2.33333333333333,0,1,1,0,2,5,11
"672",672,47,4,0,0,1,0,0,0,0,5,4,2,2,3,2.33333333333333,1,2,0,0,2,5,7
"673",673,28,1,1,0,1,0,0,0,0,3,2,NA,3,3,3,3,0,0,0,1,3,8
"674",674,46,2,0,0,1,0,0,0,0,3,2,2,2,3,2.33333333333333,1,1,1,0,3,6,10
"675",675,59,3,0,0,1,0,0,0,0,1,0,3,2,3,2.66666666666667,0,0,1,0,1,4,7
"676",676,44,4,0,0,1,0,0,0,1,5,4,2,3,3,2.66666666666667,0,2,1,0,2,5,5
"677",677,52,1,0,0,1,0,0,0,0,1,0,3,2,3,2.66666666666667,1,2,1,1,4,8,8
"678",678,45,2,1,0,1,0,0,0,1,1,0,NA,1,3,2,3,2,0,0,2,4,6
"679",679,33,3,0,0,1,0,0,0,0,5,4,2,1,3,2,1,3,1,2,4,7,6
"680",680,52,4,0,0,1,0,0,0,0,3,2,2,2,3,2.33333333333333,1,2,0,0,2,5,4
"681",681,54,1,0,0,1,0,0,0,0,1,0,3,2,3,2.66666666666667,0,0,1,0,1,3,2
"682",682,43,2,0,0,1,0,0,0,0,4,3,3,2,4,3,1,2,0,0,2,5,6
"683",683,34,3,1,0,1,0,0,0,0,4,3,1,0,3,1.33333333333333,0,0,0,0,0,1,0
"684",684,42,4,0,0,1,0,0,0,0,2,1,2,3,3,2.66666666666667,3,2,1,0,3,7,8
"685",685,25,1,1,0,1,0,0,0,1,1,0,1,0,2,1,1,1,0,0,2,4,8
"686",686,58,2,0,0,1,0,0,0,1,6,5,3,2,3,2.66666666666667,1,2,0,1,3,7,7
"687",687,52,3,0,0,1,0,0,0,0,5,4,3,2,3,2.66666666666667,3,1,0,1,3,6,8
"688",688,46,4,0,0,1,0,0,0,0,1,0,2,2,3,2.33333333333333,0,2,0,0,1,3,5
"689",689,55,1,0,0,1,0,0,0,0,4,3,3,2,3,2.66666666666667,1,1,0,0,2,5,7
"690",690,59,2,0,0,1,0,0,0,1,2,1,3,2,4,3,0,1,2,2,3,7,6
"691",691,47,3,0,0,1,0,0,0,0,2,1,2,2,2,2,1,1,1,1,4,8,7
"692",692,57,4,1,0,1,0,0,0,0,2,1,2,2,3,2.33333333333333,1,0,0,0,1,3,3
"693",693,44,1,0,0,1,0,0,0,0,4,3,3,2,4,3,0,2,1,0,2,5,6
"694",694,55,2,1,0,1,0,0,0,0,6,5,2,2,3,2.33333333333333,1,2,2,0,3,6,9
"695",695,41,3,0,0,1,0,0,0,0,2,1,3,3,3,3,0,2,1,0,2,5,9
"696",696,35,4,0,0,1,0,0,0,0,5,4,3,1,3,2.33333333333333,0,3,1,1,3,6,8
"697",697,30,1,0,0,1,0,0,0,0,2,1,3,1,4,2.66666666666667,0,1,0,0,1,3,11
"698",698,50,2,1,0,1,0,0,0,0,5,4,2,2,3,2.33333333333333,0,2,0,0,1,3,2
"699",699,40,3,0,0,1,0,0,0,0,6,5,2,2,3,2.33333333333333,2,2,0,0,2,5,9
"700",700,46,4,0,0,1,0,0,0,0,1,0,3,3,3,3,0,2,1,0,2,5,7
"701",701,31,1,0,0,1,0,0,0,0,6,5,2,2,3,2.33333333333333,1,3,1,0,3,6,8
"702",702,58,2,0,0,1,0,0,0,0,6,6,2,1,3,2,1,2,2,1,4,7,9
"703",703,56,3,0,0,1,0,0,0,0,4,3,2,2,3,2.33333333333333,0,2,0,0,1,3,1
"704",704,40,4,0,0,1,0,0,0,0,6,5,2,2,2,2,1,0,0,2,2,4,7
"705",705,60,1,0,0,1,0,0,0,0,5,4,1,2,3,2,2,0,0,1,2,4,2
"706",706,40,2,0,0,1,0,0,0,0,4,3,2,2,3,2.33333333333333,1,1,0,0,2,5,10
"707",707,58,3,0,0,1,0,0,0,0,3,2,NA,2,3,2.5,0,1,0,0,1,3,2
"708",708,47,4,1,0,1,0,0,0,0,1,0,3,1,3,2.33333333333333,2,2,1,0,3,6,7
"709",709,32,1,1,0,1,0,0,0,0,6,5,3,3,3,3,0,0,1,0,1,4,6
"710",710,49,2,0,0,1,0,0,0,0,5,4,3,2,3,2.66666666666667,1,1,1,0,3,6,7
"711",711,47,3,1,0,1,0,0,0,0,3,2,3,3,4,3.33333333333333,0,2,0,0,1,4,4
"712",712,55,4,0,0,1,0,0,0,0,5,4,3,3,3,3,1,0,1,0,2,5,5
"713",713,44,1,1,0,1,0,0,0,0,4,3,3,2,4,3,0,2,0,0,1,4,7
"714",714,47,2,0,0,1,0,0,0,0,1,0,2,2,3,2.33333333333333,1,2,1,0,3,6,9
"715",715,38,3,0,0,1,0,0,0,1,5,4,2,2,3,2.33333333333333,2,3,1,0,3,6,11
"716",716,42,4,0,0,1,0,0,0,0,5,4,4,3,4,3.66666666666667,2,0,0,0,1,4,5
"717",717,35,1,0,0,1,0,0,0,0,2,1,3,2,3,2.66666666666667,2,3,0,0,2,5,5
"718",718,44,2,1,0,1,0,0,0,0,6,5,2,2,3,2.33333333333333,0,2,0,1,2,5,5
"719",719,48,3,0,0,1,0,0,0,0,6,5,3,2,2,2.33333333333333,0,1,0,0,1,3,3
"720",720,47,4,0,0,1,0,0,0,1,5,4,2,2,3,2.33333333333333,1,2,0,0,2,5,6
"721",721,54,1,1,0,1,0,0,0,0,6,5,2,1,3,2,1,1,0,2,3,6,8
"722",722,45,2,1,0,1,0,0,0,1,5,4,3,2,3,2.66666666666667,0,1,0,1,2,5,5
"723",723,30,3,1,0,1,0,0,0,1,5,4,3,3,3,3,0,0,0,0,0,3,9
"724",724,37,4,1,0,1,0,0,0,0,5,4,3,1,3,2.33333333333333,1,2,1,0,3,6,7
"725",725,52,1,0,0,1,0,0,0,1,2,1,2,3,3,2.66666666666667,0,0,0,0,0,2,4
"726",726,53,2,0,0,1,0,0,0,0,3,2,2,3,2,2.33333333333333,0,2,0,0,1,3,5
"727",727,29,3,0,0,1,0,0,0,0,1,0,3,2,3,2.66666666666667,1,2,1,0,3,6,13
"728",728,43,4,0,0,1,0,0,0,0,6,5,2,2,3,2.33333333333333,1,1,0,0,2,5,8
"729",729,44,1,0,0,1,0,0,0,0,4,3,2,2,3,2.33333333333333,1,1,0,1,3,6,7
"730",730,37,2,0,0,1,0,0,0,0,4,3,2,2,3,2.33333333333333,0,1,1,1,3,6,9
"731",731,51,3,0,0,1,0,0,0,1,3,2,2,3,3,2.66666666666667,2,1,1,1,4,8,11
"732",732,45,4,0,0,1,0,0,0,0,3,2,3,3,3,3,1,3,1,0,3,7,11
"733",733,43,1,1,0,1,0,0,0,0,3,2,2,2,3,2.33333333333333,0,1,1,0,2,5,5
"734",734,51,2,0,0,1,0,0,0,0,4,3,2,1,3,2,1,1,0,1,3,6,6
"735",735,56,3,0,0,1,0,0,0,0,5,4,3,2,3,2.66666666666667,2,1,0,0,2,5,7
"736",736,42,4,1,0,1,0,0,0,0,6,5,2,2,3,2.33333333333333,1,1,1,0,3,6,7
"737",737,43,1,0,0,1,0,0,0,0,2,1,2,3,3,2.66666666666667,2,0,0,1,2,5,7
"738",738,58,2,0,0,1,0,0,0,0,2,1,2,2,3,2.33333333333333,2,1,2,0,3,6,6
"739",739,53,3,1,0,1,0,0,0,0,2,1,3,3,3,3,2,2,0,0,2,5,9
"740",740,30,4,0,0,1,0,0,0,0,6,5,3,3,3,3,0,3,0,0,1,4,10
"741",741,32,1,0,0,1,0,0,0,1,4,3,3,3,4,3.33333333333333,0,1,0,1,2,6,6
"742",742,41,2,0,0,1,0,0,0,0,6,5,2,2,3,2.33333333333333,0,1,1,0,2,5,5
"743",743,25,3,0,0,1,0,0,0,0,5,4,3,1,3,2.33333333333333,2,2,0,0,2,5,10
"744",744,39,4,0,0,1,0,0,0,0,6,5,3,3,3,3,1,0,0,1,2,5,5
"745",745,53,1,1,0,1,0,0,0,0,4,3,2,2,3,2.33333333333333,1,1,0,0,2,5,4
"746",746,36,2,1,0,1,0,0,0,0,1,0,2,2,3,2.33333333333333,1,2,0,1,3,6,5
"747",747,46,3,0,0,1,0,0,0,0,2,1,3,3,3,3,1,0,1,0,2,5,8
"748",748,30,4,1,0,1,0,0,0,0,4,3,2,0,3,1.66666666666667,0,3,0,0,1,3,9
"749",749,32,1,0,0,1,0,0,0,0,5,4,2,3,3,2.66666666666667,0,3,1,0,2,5,6
"750",750,47,2,0,0,1,0,0,0,0,6,5,2,3,3,2.66666666666667,2,1,1,0,3,7,7
"751",751,55,3,0,0,1,0,0,0,0,14,7,3,2,4,3,0,2,1,1,3,7,7
"752",752,57,4,0,0,1,0,0,0,0,18,11,2,2,3,2.33333333333333,2,2,0,0,2,5,4
"753",753,44,1,1,0,1,0,0,0,0,11,10,1,1,2,1.33333333333333,1,1,0,0,2,4,7
"754",754,26,2,0,0,1,0,0,0,1,22,12,3,3,3,3,1,2,1,0,3,7,15
"755",755,35,3,1,0,1,0,0,0,0,14,10,3,2,3,2.66666666666667,1,3,0,1,3,7,5
"756",756,38,4,1,0,1,0,0,0,0,30,8,2,1,3,2,1,0,1,0,2,5,5
"757",757,29,1,0,0,1,0,0,0,0,8,7,2,NA,3,2.5,2,1,0,0,2,5,11
"758",758,40,2,1,0,1,0,0,0,1,20,12,2,1,3,2,1,2,2,0,3,6,5
"759",759,48,3,0,0,1,0,0,0,1,22,10,3,3,4,3.33333333333333,1,3,1,0,3,7,10
"760",760,55,4,1,0,1,0,0,0,0,23,14,3,2,3,2.66666666666667,1,1,1,1,4,8,4
"761",761,55,1,0,0,1,0,0,0,0,17,13,2,2,3,2.33333333333333,0,0,1,0,1,3,4
"762",762,34,2,0,0,1,0,0,0,0,10,9,3,3,3,3,1,3,0,1,3,7,10
"763",763,45,3,1,0,1,0,0,0,0,30,12,2,3,3,2.66666666666667,1,2,1,0,3,7,8
"764",764,42,4,1,0,1,0,0,0,0,13,12,1,0,3,1.33333333333333,1,0,1,0,2,4,4
"765",765,57,1,0,0,1,0,0,0,0,27,11,2,1,3,2,1,1,0,1,3,6,5
"766",766,25,2,1,0,1,0,0,0,0,22,13,2,1,3,2,0,2,2,0,2,4,9
"767",767,55,3,0,0,1,0,0,0,0,16,16,2,2,3,2.33333333333333,0,3,0,0,1,3,4
"768",768,41,4,0,0,1,0,0,0,0,22,9,3,4,4,3.66666666666667,1,1,0,0,2,6,8
"769",769,32,1,0,0,1,0,0,0,0,21,7,3,2,3,2.66666666666667,0,1,0,0,1,4,6
"770",770,49,2,0,0,1,0,0,0,0,14,13,3,3,4,3.33333333333333,1,1,2,0,3,7,8
"771",771,26,3,0,0,1,0,0,0,0,12,9,3,2,3,2.66666666666667,3,2,0,1,3,6,12
"772",772,42,4,0,0,1,0,0,0,0,18,16,3,4,4,3.66666666666667,0,2,0,0,1,4,7
"773",773,47,1,0,0,1,0,0,0,0,17,8,3,3,4,3.33333333333333,1,2,1,0,3,7,8
"774",774,35,2,0,0,1,0,0,0,0,16,12,1,0,3,1.33333333333333,0,2,2,1,3,6,6
"775",775,56,3,0,0,1,0,0,0,0,10,5,2,2,3,2.33333333333333,1,1,0,0,2,5,7
"776",776,37,4,0,0,0,1,0,0,0,28,14,2,1,2,1.66666666666667,1,1,1,0,3,6,7
"777",777,43,1,0,0,0,1,0,0,0,27,13,3,3,3,3,2,0,1,1,3,6,8
"778",778,30,2,0,0,0,1,0,0,0,25,7,2,1,3,2,2,0,1,0,2,4,9
"779",779,53,3,0,0,0,1,0,0,0,18,6,3,2,3,2.66666666666667,0,1,0,1,2,5,6
"780",780,49,4,0,0,0,1,0,0,0,20,5,2,2,3,2.33333333333333,2,2,0,0,2,5,5
"781",781,43,1,0,0,0,1,0,0,0,16,13,3,2,4,3,1,1,0,1,3,7,11
"782",782,60,2,0,0,0,1,0,0,0,24,11,2,0,2,1.33333333333333,1,2,1,0,3,5,2
"783",783,35,3,0,0,0,1,0,0,0,15,5,3,2,3,2.66666666666667,0,1,1,0,2,5,9
"784",784,54,4,0,0,0,1,0,0,1,23,11,3,3,3,3,1,0,0,0,1,4,5
"785",785,34,1,0,0,0,1,0,0,1,7,6,2,1,3,2,2,2,1,1,4,7,10
"786",786,32,2,0,0,0,1,0,0,1,30,8,3,3,3,3,1,3,2,0,3,7,7
"787",787,51,3,0,0,0,1,0,0,0,13,8,3,2,2,2.33333333333333,0,1,1,1,3,6,8
"788",788,31,4,0,0,0,1,0,0,0,9,8,3,4,3,3.33333333333333,1,2,0,0,2,6,5
"789",789,58,1,0,0,0,1,0,0,0,9,8,2,2,3,2.33333333333333,1,2,1,1,4,7,7
"790",790,52,2,0,0,0,1,0,0,0,25,10,3,2,3,2.66666666666667,2,1,0,0,2,5,3
"791",791,25,3,0,0,0,1,0,0,0,28,9,2,2,3,2.33333333333333,2,2,0,0,2,5,11
"792",792,51,4,0,0,0,1,0,0,1,14,10,3,3,3,3,1,1,0,0,2,5,3
"793",793,38,1,0,0,0,1,0,0,1,25,8,3,2,3,2.66666666666667,1,1,0,1,3,7,6
"794",794,57,2,0,0,0,1,0,0,0,22,12,3,3,3,3,1,2,1,0,3,7,8
"795",795,32,3,1,0,0,1,0,0,0,12,9,3,1,3,2.33333333333333,2,3,0,0,2,5,8
"796",796,50,4,0,0,0,1,0,0,0,11,11,3,2,3,2.66666666666667,1,1,2,0,3,6,7
"797",797,36,1,0,0,0,1,0,0,0,18,9,2,1,3,2,0,0,0,0,0,1,1
"798",798,25,2,0,0,0,1,0,0,0,17,12,3,2,3,2.66666666666667,0,2,1,1,3,7,14
"799",799,40,3,0,0,0,1,0,0,0,10,9,3,1,3,2.33333333333333,1,1,0,1,3,6,4
"800",800,35,4,1,0,0,1,0,0,0,20,4,2,2,3,2.33333333333333,0,2,1,0,2,5,7
"801",801,51,1,1,0,0,1,0,0,0,13,7,2,1,3,2,2,2,0,0,2,4,4
"802",802,27,2,1,0,0,1,0,0,0,12,11,3,3,3,3,1,2,0,0,2,5,9
"803",803,27,3,0,0,0,1,0,0,0,10,9,3,2,4,3,0,1,0,0,1,4,11
"804",804,47,4,0,0,0,1,0,0,0,29,12,2,2,2,2,0,2,0,0,1,3,4
"805",805,33,1,0,0,0,1,0,0,0,27,9,3,2,3,2.66666666666667,0,1,0,0,1,4,6
"806",806,49,2,0,0,0,1,0,0,0,8,7,3,2,3,2.66666666666667,2,1,0,0,2,5,7
"807",807,27,3,1,0,0,1,0,0,0,19,10,2,2,3,2.33333333333333,3,2,0,1,3,6,11
"808",808,59,4,1,0,0,1,0,0,0,19,12,3,2,4,3,1,2,0,0,2,5,5
"809",809,40,1,0,0,0,1,0,0,0,17,16,1,2,2,1.66666666666667,0,1,1,0,2,4,6
"810",810,53,2,0,0,0,1,0,0,1,30,6,2,2,3,2.33333333333333,0,2,1,1,3,6,7
"811",811,32,3,0,0,0,1,0,0,0,10,9,2,3,3,2.66666666666667,1,2,1,0,3,6,7
"812",812,52,4,0,0,0,1,0,0,0,23,14,3,2,3,2.66666666666667,2,2,0,0,2,5,8
"813",813,28,1,0,0,0,1,0,0,0,26,14,2,1,2,1.66666666666667,2,2,2,0,3,6,12
"814",814,40,2,0,0,0,1,0,0,0,18,8,2,2,3,2.33333333333333,0,1,1,0,2,5,6
"815",815,46,3,1,0,0,1,0,0,0,26,8,2,0,3,1.66666666666667,0,1,0,0,1,3,4
"816",816,56,4,1,0,0,1,0,0,0,8,7,3,3,3,3,2,0,0,0,1,4,4
"817",817,46,1,0,0,0,1,0,0,0,17,11,2,2,2,2,1,1,1,0,3,6,8
"818",818,60,2,0,0,0,1,0,0,0,18,6,1,2,2,1.66666666666667,1,2,0,0,2,4,4
"819",819,28,3,1,0,0,1,0,0,0,13,11,3,2,3,2.66666666666667,2,0,0,0,1,3,8
"820",820,29,4,0,0,0,1,0,0,0,29,13,3,2,4,3,1,0,0,0,1,4,11
"821",821,39,1,0,0,0,1,0,0,0,10,9,2,2,2,2,0,1,1,0,2,4,6
"822",822,26,2,0,0,0,1,0,0,0,19,6,2,2,3,2.33333333333333,2,1,0,0,2,5,11
"823",823,38,3,0,0,0,1,0,0,0,10,9,3,2,3,2.66666666666667,1,2,1,0,3,6,9
"824",824,30,4,0,0,0,1,0,0,1,16,14,3,2,3,2.66666666666667,0,1,0,1,2,5,10
"825",825,56,1,0,0,0,1,0,0,0,21,14,3,2,3,2.66666666666667,0,2,1,0,2,5,7
"826",826,27,2,0,0,0,1,0,0,0,30,10,2,0,3,1.66666666666667,0,0,0,0,0,1,10
"827",827,33,3,0,0,0,1,0,0,0,13,5,3,2,2,2.33333333333333,2,2,0,0,2,5,6
"828",828,37,4,0,0,0,1,0,0,0,9,7,3,4,3,3.33333333333333,2,1,2,0,3,7,11
"829",829,49,1,0,0,0,1,0,0,1,20,11,2,1,3,2,1,1,1,0,3,6,8
"830",830,39,2,0,0,0,1,0,0,0,26,3,2,1,3,2,2,1,1,0,3,6,8
"831",831,31,3,0,0,0,1,0,0,0,7,6,1,1,3,1.66666666666667,3,2,2,1,4,7,10
"832",832,34,4,1,0,0,1,0,0,0,21,9,3,2,3,2.66666666666667,3,3,0,0,2,5,2
"833",833,58,1,0,0,0,1,0,0,0,28,7,3,3,3,3,2,2,0,0,2,5,6
"834",834,52,2,0,0,0,1,0,0,0,29,8,3,1,4,2.66666666666667,1,2,1,0,3,6,7
"835",835,55,3,0,0,0,1,0,0,0,13,13,3,2,3,2.66666666666667,1,2,0,1,3,7,6
"836",836,51,4,0,0,0,1,0,0,0,24,8,2,2,3,2.33333333333333,2,1,0,0,2,5,8
"837",837,52,1,1,0,0,1,0,0,0,21,6,2,3,2,2.33333333333333,0,1,1,0,2,5,7
"838",838,47,2,0,0,0,1,0,0,0,9,9,4,5,3,4,0,0,0,0,0,3,5
"839",839,53,3,0,0,0,1,0,0,0,27,16,2,2,2,2,1,0,1,0,2,5,5
"840",840,58,4,0,0,0,1,0,0,0,29,9,3,2,3,2.66666666666667,1,0,0,1,2,5,3
"841",841,45,1,0,0,0,1,0,0,0,8,7,3,1,3,2.33333333333333,0,2,1,0,2,5,4
"842",842,49,2,1,0,0,1,0,0,0,10,9,3,1,3,2.33333333333333,2,1,0,0,2,5,5
"843",843,53,3,1,0,0,1,0,0,1,8,7,2,2,3,2.33333333333333,0,2,2,0,2,5,4
"844",844,49,4,0,0,0,1,0,0,0,29,9,3,3,3,3,0,2,0,0,1,4,7
"845",845,25,1,0,0,0,1,0,0,0,28,14,4,2,3,3,0,3,0,1,2,5,11
"846",846,32,2,1,0,0,1,0,0,1,13,12,3,3,3,3,1,2,1,0,3,7,10
"847",847,33,3,0,0,0,1,0,0,0,21,9,3,2,3,2.66666666666667,2,2,0,0,2,5,7
"848",848,45,4,0,0,0,1,0,0,0,8,7,2,1,4,2.33333333333333,2,2,0,0,2,5,5
"849",849,27,1,0,0,0,1,0,0,0,26,10,3,3,4,3.33333333333333,1,2,0,0,2,5,13
"850",850,44,2,0,0,0,1,0,0,0,19,14,2,3,3,2.66666666666667,1,0,2,0,2,5,7
"851",851,51,3,0,0,0,1,0,0,0,16,5,2,1,3,2,1,0,0,0,1,3,4
"852",852,37,4,0,0,0,1,0,0,0,8,6,2,1,2,1.66666666666667,0,1,1,0,2,4,5
"853",853,47,1,0,0,0,1,0,0,0,20,9,2,2,3,2.33333333333333,1,2,0,0,2,5,6
"854",854,51,2,0,0,0,1,0,0,0,29,11,3,2,3,2.66666666666667,1,2,0,1,3,6,9
"855",855,32,3,0,0,0,1,0,0,0,28,7,3,4,3,3.33333333333333,1,1,1,0,3,7,10
"856",856,49,4,0,0,0,1,0,0,0,14,6,2,1,3,2,1,0,1,0,2,4,5
"857",857,60,1,1,0,0,1,0,0,0,13,8,3,2,3,2.66666666666667,1,1,0,1,3,6,7
"858",858,33,2,0,0,0,1,0,0,1,24,9,2,2,3,2.33333333333333,1,0,2,0,2,4,4
"859",859,27,3,0,0,0,1,0,0,0,19,13,2,2,2,2,0,0,1,1,2,4,9
"860",860,49,4,0,0,0,1,0,0,0,20,8,2,2,2,2,0,1,0,1,2,4,6
"861",861,51,1,0,0,0,1,0,0,0,25,8,3,3,3,3,2,1,1,0,3,6,7
"862",862,47,2,0,0,0,1,0,0,0,7,3,3,2,3,2.66666666666667,1,2,0,0,2,5,5
"863",863,50,3,0,0,0,1,0,0,0,22,11,3,2,4,3,2,0,1,1,3,7,7
"864",864,46,4,0,0,0,1,0,0,0,14,11,2,2,4,2.66666666666667,0,2,0,0,1,3,6
"865",865,59,1,0,0,0,1,0,0,0,22,12,2,1,3,2,1,3,1,0,3,6,9
"866",866,58,2,0,0,0,1,0,0,0,25,11,2,3,3,2.66666666666667,0,3,1,1,3,7,6
"867",867,34,3,0,0,0,1,0,0,1,28,12,2,1,3,2,0,2,0,2,2,4,7
"868",868,28,4,1,0,0,1,0,0,0,25,5,2,2,3,2.33333333333333,1,0,0,0,1,3,9
"869",869,40,1,0,0,0,1,0,0,1,7,6,3,1,3,2.33333333333333,0,3,0,0,1,3,4
"870",870,49,2,0,0,0,1,0,0,0,7,6,NA,2,3,2.5,2,2,2,0,3,7,9
"871",871,27,3,0,0,0,1,0,0,0,18,12,3,3,3,3,0,2,0,0,1,4,10
"872",872,43,4,0,0,0,1,0,0,1,23,9,2,1,2,1.66666666666667,1,2,0,0,2,4,3
"873",873,52,1,0,0,0,1,0,0,0,30,10,NA,2,3,2.5,0,0,0,0,0,2,2
"874",874,39,2,1,0,0,1,0,0,0,9,4,2,2,2,2,1,3,1,1,4,8,9
"875",875,40,3,0,0,0,1,0,0,1,18,13,3,2,3,2.66666666666667,2,2,1,1,4,8,12
"876",876,67,4,0,0,0,1,0,0,0,23,11,NA,3,4,3.5,1,2,2,1,4,9,7
"877",877,68,1,0,0,0,1,0,0,0,13,9,3,2,3,2.66666666666667,2,2,1,1,4,8,8
"878",878,68,2,1,0,0,1,0,0,0,7,7,3,2,3,2.66666666666667,1,1,1,1,4,8,8
"879",879,73,3,0,0,0,1,0,0,0,16,8,2,2,3,2.33333333333333,1,2,0,0,2,5,7
"880",880,66,4,0,0,0,1,0,0,0,27,7,2,3,3,2.66666666666667,2,1,2,0,3,6,4
"881",881,69,1,0,0,0,1,0,0,0,20,8,2,2,3,2.33333333333333,0,2,1,0,2,5,5
"882",882,69,2,0,0,0,1,0,0,0,7,6,3,2,3,2.66666666666667,1,2,0,0,2,5,5
"883",883,79,3,0,0,0,1,0,0,0,18,12,2,1,3,2,1,1,0,0,2,4,3
"884",884,74,4,1,0,0,1,0,0,0,10,9,2,2,3,2.33333333333333,2,0,0,0,1,3,3
"885",885,67,1,0,0,0,1,0,0,0,24,15,3,2,4,3,0,3,0,0,1,4,4
"886",886,62,2,0,0,0,1,0,0,0,13,10,3,2,4,3,1,1,1,0,3,7,8
"887",887,67,3,0,0,0,1,0,0,0,28,8,3,3,3,3,2,2,3,0,3,7,6
"888",888,74,4,0,0,0,1,0,0,0,15,9,3,2,3,2.66666666666667,0,3,0,0,1,3,3
"889",889,69,1,0,0,0,1,0,0,0,12,10,2,2,3,2.33333333333333,1,2,0,0,2,5,5
"890",890,70,2,0,0,0,1,0,0,1,16,11,3,3,3,3,1,0,1,0,2,5,3
"891",891,77,3,0,0,0,1,0,0,0,27,7,2,3,3,2.66666666666667,1,0,1,1,3,6,6
"892",892,67,4,0,0,0,1,0,0,0,23,8,NA,1,3,2,0,1,0,1,2,5,5
"893",893,67,1,1,0,0,1,0,0,0,29,6,3,3,3,3,1,2,0,1,3,7,4
"894",894,60,2,0,0,0,1,0,0,0,25,8,NA,1,3,2,2,2,0,0,2,5,6
"895",895,71,3,1,0,0,1,0,0,0,16,8,3,3,4,3.33333333333333,1,0,0,1,2,5,3
"896",896,64,4,0,0,0,1,0,0,0,29,5,3,3,4,3.33333333333333,1,1,0,1,3,7,3
"897",897,65,1,0,0,0,1,0,0,0,19,12,3,2,3,2.66666666666667,2,2,0,0,2,5,4
"898",898,71,2,0,0,0,1,0,0,0,26,8,2,2,2,2,1,2,0,1,3,6,7
"899",899,60,3,0,0,0,1,0,0,0,10,9,2,2,3,2.33333333333333,1,2,1,0,3,6,7
"900",900,62,4,0,0,0,1,0,0,0,15,5,2,1,3,2,1,2,0,0,2,5,7
"901",901,80,1,0,0,0,1,0,0,0,10,9,2,1,3,2,2,2,0,0,2,5,4
"902",902,60,2,0,0,0,1,0,0,0,28,10,1,0,3,1.33333333333333,1,2,0,0,2,4,3
"903",903,70,3,0,0,0,1,0,0,0,7,6,2,2,3,2.33333333333333,1,2,1,0,3,6,4
"904",904,65,4,0,0,0,1,0,0,0,10,8,2,1,3,2,1,1,1,1,4,7,5
"905",905,73,1,0,0,0,1,0,0,0,28,7,2,1,3,2,0,2,0,1,2,5,7
"906",906,75,2,0,0,0,1,0,0,0,11,10,3,1,4,2.66666666666667,0,2,1,0,2,5,5
"907",907,69,3,0,0,0,1,0,0,0,8,7,3,2,3,2.66666666666667,1,2,1,0,3,6,7
"908",908,75,4,1,0,0,1,0,0,0,22,12,1,1,2,1.33333333333333,3,2,1,1,4,7,5
"909",909,66,1,0,0,0,1,0,0,0,11,8,2,1,3,2,1,1,1,1,4,8,6
"910",910,73,2,0,0,0,1,0,0,0,27,8,3,2,3,2.66666666666667,1,3,1,1,4,8,9
"911",911,68,3,0,0,0,1,0,0,0,28,6,2,2,2,2,1,2,1,0,3,6,6
"912",912,77,4,0,0,0,1,0,0,0,12,11,2,2,3,2.33333333333333,0,1,0,0,1,3,2
"913",913,75,1,0,0,0,1,0,0,0,17,10,3,3,3,3,2,3,1,1,4,8,7
"914",914,77,2,0,0,0,1,0,0,0,26,8,2,1,3,2,2,0,1,0,2,4,3
"915",915,66,3,0,0,0,1,0,0,1,23,13,NA,2,3,2.5,0,0,1,0,1,3,1
"916",916,77,4,0,0,0,1,0,0,0,18,11,3,3,3,3,1,2,0,0,2,6,4
"917",917,79,1,0,0,0,1,0,0,1,11,8,NA,1,3,2,2,3,1,0,3,6,6
"918",918,74,2,0,0,0,1,0,0,0,30,7,2,2,3,2.33333333333333,0,2,1,0,2,5,7
"919",919,70,3,0,0,0,1,0,0,0,24,13,2,3,3,2.66666666666667,2,1,0,0,2,5,6
"920",920,73,4,0,0,0,1,0,0,0,12,11,2,2,3,2.33333333333333,1,1,1,0,3,6,5
"921",921,68,1,0,0,0,1,0,0,0,8,7,2,1,3,2,2,1,1,1,4,7,8
"922",922,72,2,1,0,0,1,0,0,0,24,11,2,NA,3,2.5,0,2,0,0,1,3,1
"923",923,66,3,0,0,0,1,0,0,0,11,8,2,1,3,2,0,1,2,0,2,5,5
"924",924,66,4,1,0,0,1,0,0,0,20,17,2,1,4,2.33333333333333,0,3,0,0,1,4,5
"925",925,73,1,0,0,0,1,0,0,0,9,9,3,3,3,3,0,2,0,0,1,4,1
"926",926,68,2,0,0,0,0,1,0,0,11,10,3,2,3,2.66666666666667,0,3,0,0,1,4,4
"927",927,60,3,0,0,0,0,1,0,1,20,10,2,2,3,2.33333333333333,1,2,0,0,2,5,6
"928",928,62,4,0,0,0,0,1,0,0,20,12,2,2,3,2.33333333333333,1,1,0,0,2,5,5
"929",929,66,1,0,0,0,0,1,0,0,26,9,3,2,3,2.66666666666667,1,0,0,0,1,4,6
"930",930,80,2,1,0,0,0,1,0,0,14,11,2,2,3,2.33333333333333,1,2,0,1,3,6,3
"931",931,60,3,1,0,0,0,1,0,0,30,11,3,3,3,3,0,1,1,0,2,5,4
"932",932,69,4,0,0,0,0,1,0,0,20,9,4,2,4,3.33333333333333,2,0,0,1,2,6,9
"933",933,74,1,0,0,0,0,1,0,0,26,14,3,2,3,2.66666666666667,1,2,2,0,3,6,4
"934",934,64,2,1,0,0,0,1,0,0,20,8,3,3,2,2.66666666666667,1,0,0,0,1,3,2
"935",935,79,3,0,0,0,0,1,0,0,24,13,2,1,4,2.33333333333333,1,2,1,0,3,6,4
"936",936,71,4,0,0,0,0,1,0,0,27,8,3,2,3,2.66666666666667,1,1,1,0,3,7,7
"937",937,77,1,0,0,0,0,1,0,1,28,13,3,3,3,3,1,1,1,0,3,7,6
"938",938,63,2,0,0,0,0,1,0,0,9,8,3,3,3,3,0,2,1,1,3,7,10
"939",939,65,3,0,0,0,0,1,0,0,22,10,4,3,3,3.33333333333333,2,0,2,1,3,7,8
"940",940,69,4,1,0,0,0,1,0,0,29,10,3,2,3,2.66666666666667,2,2,1,0,3,6,5
"941",941,76,1,0,0,0,0,1,0,0,14,12,3,2,3,2.66666666666667,1,1,2,0,3,6,8
"942",942,66,2,0,0,0,0,1,0,0,17,13,2,2,3,2.33333333333333,1,1,1,3,4,8,7
"943",943,67,3,1,0,0,0,1,0,0,10,6,1,2,2,1.66666666666667,0,2,0,0,1,3,4
"944",944,66,4,0,0,0,0,1,0,1,29,12,3,2,3,2.66666666666667,1,2,2,0,3,6,6
"945",945,77,1,0,0,0,0,1,0,0,28,6,1,1,2,1.33333333333333,1,1,0,1,3,6,6
"946",946,64,2,0,0,0,0,1,0,0,13,12,3,1,3,2.33333333333333,1,2,0,0,2,5,3
"947",947,63,3,1,0,0,0,1,0,1,15,12,3,2,3,2.66666666666667,0,3,1,1,3,6,3
"948",948,65,4,0,0,0,0,1,0,0,14,12,2,1,3,2,1,3,2,1,4,8,8
"949",949,75,1,0,0,0,0,1,0,0,22,10,NA,3,3,3,1,2,2,0,3,7,8
"950",950,62,2,0,0,0,0,1,0,0,24,10,2,1,3,2,1,0,1,1,3,6,9
"951",951,68,3,1,0,0,0,1,0,0,25,7,2,3,3,2.66666666666667,2,1,0,0,2,5,5
"952",952,62,4,0,0,0,0,1,0,0,28,11,2,2,3,2.33333333333333,0,2,1,1,3,6,10
"953",953,71,1,0,0,0,0,1,0,0,28,10,2,2,3,2.33333333333333,0,2,1,0,2,5,5
"954",954,75,2,1,0,0,0,1,0,0,7,6,3,3,4,3.33333333333333,1,2,0,0,2,6,2
"955",955,79,3,1,0,0,0,1,0,0,7,6,NA,4,3,3.5,2,2,2,0,3,7,8
"956",956,72,4,0,0,0,0,1,0,0,13,12,3,1,3,2.33333333333333,1,2,1,0,3,6,8
"957",957,66,1,0,0,0,0,1,0,0,27,8,3,3,3,3,0,3,1,0,2,5,7
"958",958,71,2,0,0,0,0,1,0,0,26,18,3,3,2,2.66666666666667,0,0,1,0,1,4,4
"959",959,78,3,1,0,0,0,1,0,0,24,19,3,3,3,3,0,0,1,1,2,5,3
"960",960,69,4,0,0,0,0,1,0,0,29,8,2,2,3,2.33333333333333,2,1,1,0,3,6,5
"961",961,74,1,1,0,0,0,1,0,0,14,9,3,1,3,2.33333333333333,2,2,0,1,3,6,3
"962",962,60,2,0,0,0,0,1,0,0,17,10,2,1,3,2,1,2,1,0,3,6,8
"963",963,66,3,0,0,0,0,1,0,1,20,10,3,2,3,2.66666666666667,1,1,0,0,2,5,6
"964",964,76,4,0,0,0,0,1,0,0,9,8,NA,1,3,2,0,1,1,0,2,4,4
"965",965,78,1,0,0,0,0,1,0,0,16,11,NA,2,3,2.5,1,1,0,1,3,7,4
"966",966,71,2,0,0,0,0,1,0,0,17,9,3,3,3,3,3,2,1,0,3,7,7
"967",967,70,3,0,0,0,0,1,0,0,18,11,2,2,3,2.33333333333333,1,1,0,0,2,5,3
"968",968,79,4,0,0,0,0,1,0,0,22,12,2,1,3,2,1,1,1,0,3,6,5
"969",969,76,1,0,0,0,0,1,0,0,24,10,2,1,3,2,2,2,0,0,2,5,3
"970",970,69,2,0,0,0,0,1,0,0,20,10,3,2,3,2.66666666666667,2,1,1,0,3,6,7
"971",971,75,3,1,0,0,0,1,0,0,24,11,2,2,4,2.66666666666667,1,1,1,1,4,8,4
"972",972,71,4,0,0,0,0,1,0,0,28,10,2,2,3,2.33333333333333,0,0,0,0,0,2,3
"973",973,63,1,0,0,0,0,1,0,0,12,11,1,2,2,1.66666666666667,0,1,1,1,3,5,7
"974",974,67,2,0,0,0,0,1,0,0,26,7,2,1,3,2,2,1,0,1,3,6,8
"975",975,63,3,1,0,0,0,1,0,0,20,6,3,3,3,3,0,2,0,0,1,4,2
"976",976,80,4,0,0,0,0,0,1,0,24,6,2,1,2,1.66666666666667,1,0,0,1,2,4,5
"977",977,80,1,0,0,0,0,0,1,0,15,8,2,2,3,2.33333333333333,0,2,1,0,2,5,3
"978",978,75,2,1,0,0,0,0,1,1,30,10,2,1,3,2,0,1,0,0,1,3,1
"979",979,73,3,1,0,0,0,0,1,0,16,9,2,2,4,2.66666666666667,1,2,1,0,3,6,7
"980",980,68,4,0,0,0,0,0,1,0,23,10,2,2,3,2.33333333333333,3,2,1,0,3,7,7
"981",981,74,1,0,0,0,0,0,1,0,16,9,3,3,3,3,0,1,0,0,1,4,4
"982",982,78,2,0,0,0,0,0,1,0,27,10,3,2,3,2.66666666666667,0,2,0,0,1,4,5
"983",983,67,3,0,0,0,0,0,1,0,27,10,1,1,3,1.66666666666667,0,2,0,1,2,4,4
"984",984,69,4,0,0,0,0,0,1,0,28,7,3,2,3,2.66666666666667,0,1,1,0,2,5,5
"985",985,63,1,0,0,0,0,0,1,1,10,9,2,1,3,2,1,0,0,0,1,3,2
"986",986,67,2,0,0,0,0,0,1,0,18,11,3,3,3,3,1,1,0,0,2,5,5
"987",987,72,3,0,0,0,0,0,1,0,18,8,2,2,3,2.33333333333333,2,2,1,1,4,8,7
"988",988,61,4,0,0,0,0,0,1,0,13,5,3,2,3,2.66666666666667,1,3,0,1,3,7,9
"989",989,67,1,1,0,0,0,0,1,0,11,8,3,3,4,3.33333333333333,0,1,0,0,1,4,2
"990",990,63,2,0,0,0,0,0,1,0,22,7,2,2,3,2.33333333333333,2,1,1,0,3,6,8
"991",991,68,3,1,0,0,0,0,1,0,27,5,3,1,3,2.33333333333333,1,2,2,0,3,6,5
"992",992,76,4,1,0,0,0,0,1,0,17,10,2,2,3,2.33333333333333,0,1,0,0,1,3,4
"993",993,73,1,0,0,0,0,0,1,0,16,9,2,2,3,2.33333333333333,1,0,0,1,2,5,4
"994",994,74,2,0,0,0,0,0,1,0,18,12,3,2,3,2.66666666666667,2,1,1,0,3,6,9
"995",995,62,3,0,0,0,0,0,1,0,7,6,2,NA,3,2.5,0,2,0,0,1,3,3
"996",996,76,4,1,0,0,0,0,1,0,21,12,2,1,3,2,1,3,0,0,2,4,4
"997",997,60,1,0,0,0,0,0,1,0,12,11,2,1,3,2,1,3,0,1,3,6,6
"998",998,71,2,0,0,0,0,0,1,1,25,9,3,3,3,3,1,3,0,0,2,5,5
"999",999,76,3,1,0,0,0,0,1,1,18,9,2,2,3,2.33333333333333,2,1,0,0,2,5,3
"1000",1000,61,4,0,0,0,0,0,1,0,13,10,2,2,3,2.33333333333333,0,0,0,0,0,2,1
