"","id","age","educ","female","raceW","raceB","raceA","raceAI","racePI","hispanic","freqdrink","freqbinge","selfcontrol01","selfcontrol02","selfcontrol03","violentvic01","violentvic02","violentvic03","violentvic04","violentatt","violentoff"
"1",1,20,1,0,1,0,0,0,0,1,0,999,3,2,2,0,0,1,0,3,8
"2",2,20,2,0,1,0,0,0,0,1,0,999,2,2,1,2,2,0,1,6,11
"3",3,21,3,1,1,0,0,0,0,1,0,999,2,2,2,1,1,0,2,6,13
"4",4,25,4,0,1,0,0,0,0,0,0,999,2,2,1,1,2,1,1,7,13
"5",5,23,1,0,1,0,0,0,0,0,0,999,NA,2,1,1,0,0,0,3,8
"6",6,24,2,0,1,0,0,0,0,0,0,999,2,3,1,1,1,1,1,7,12
"7",7,25,3,0,1,0,0,0,0,1,0,999,2,2,1,0,1,1,0,4,10
"8",8,22,4,0,1,0,0,0,0,1,0,999,1,1,1,1,2,0,0,4,9
"9",9,28,1,0,1,0,0,0,0,0,0,999,2,1,1,2,1,0,1,5,13
"10",10,20,2,1,1,0,0,0,0,1,0,999,2,2,1,1,2,0,0,4,10
"11",11,18,3,1,1,0,0,0,0,0,0,999,3,1,1,0,2,2,0,4,9
"12",12,18,4,1,1,0,0,0,0,0,0,999,1,2,2,0,1,2,0,4,8
"13",13,28,1,1,1,0,0,0,0,1,0,999,2,2,0,2,3,1,1,7,11
"14",14,25,2,0,1,0,0,0,0,1,0,999,3,3,1,0,1,0,0,3,10
"15",15,18,3,0,1,0,0,0,0,1,0,999,1,2,1,1,1,0,0,4,8
"16",16,18,4,0,1,0,0,0,0,0,0,999,2,2,1,1,1,0,0,4,8
"17",17,29,1,0,1,0,0,0,0,1,0,999,1,1,2,1,0,0,1,4,11
"18",18,24,2,1,1,0,0,0,0,0,0,999,2,1,1,1,2,0,1,5,8
"19",19,26,3,0,1,0,0,0,0,0,0,999,2,2,1,1,3,0,1,6,11
"20",20,29,4,0,1,0,0,0,0,0,0,999,3,3,1,2,0,1,0,5,11
"21",21,28,1,0,1,0,0,0,0,0,0,999,3,3,1,2,2,1,0,6,10
"22",22,26,2,0,1,0,0,0,0,0,0,999,2,2,1,1,3,1,1,7,11
"23",23,25,3,0,1,0,0,0,0,1,0,999,2,3,1,0,1,0,0,3,10
"24",24,29,4,1,1,0,0,0,0,0,0,999,2,3,2,2,1,0,0,5,10
"25",25,24,1,0,1,0,0,0,0,0,0,999,NA,2,1,3,1,1,0,6,13
"26",26,22,2,1,1,0,0,0,0,0,0,999,2,1,1,0,0,0,0,1,5
"27",27,19,3,1,1,0,0,0,0,1,0,999,2,0,2,0,1,1,0,4,10
"28",28,26,4,1,1,0,0,0,0,0,0,999,2,2,1,1,2,1,0,6,13
"29",29,24,1,0,1,0,0,0,0,0,0,999,1,2,2,1,2,0,1,6,13
"30",30,28,2,0,1,0,0,0,0,0,0,999,3,2,1,0,1,1,0,5,14
"31",31,26,3,0,1,0,0,0,0,0,0,999,2,1,1,1,3,0,1,5,10
"32",32,20,4,1,1,0,0,0,0,1,0,999,2,3,1,1,1,0,1,6,13
"33",33,28,1,0,1,0,0,0,0,1,0,999,3,3,0,2,1,0,0,4,9
"34",34,22,2,0,1,0,0,0,0,1,0,999,3,2,0,0,0,0,0,1,7
"35",35,26,3,1,1,0,0,0,0,1,0,999,1,1,1,1,2,1,0,6,14
"36",36,23,4,0,1,0,0,0,0,0,0,999,2,1,1,1,1,0,0,4,11
"37",37,27,1,0,1,0,0,0,0,0,0,999,3,3,0,1,1,1,0,6,11
"38",38,30,2,0,1,0,0,0,0,0,0,999,2,2,2,1,3,1,0,6,11
"39",39,18,3,0,1,0,0,0,0,0,0,999,2,3,1,1,2,1,0,6,10
"40",40,18,4,1,1,0,0,0,0,0,0,999,2,NA,1,1,1,1,0,6,9
"41",41,19,1,0,1,0,0,0,0,0,0,999,2,1,1,2,2,0,1,5,9
"42",42,27,2,1,1,0,0,0,0,0,0,999,2,2,0,2,1,0,0,4,9
"43",43,25,3,0,1,0,0,0,0,0,0,999,NA,1,1,1,1,1,0,5,12
"44",44,26,4,0,1,0,0,0,0,0,0,999,2,1,1,0,2,0,1,4,9
"45",45,30,1,0,1,0,0,0,0,0,0,999,2,1,1,2,2,2,0,6,11
"46",46,22,2,0,1,0,0,0,0,1,0,999,NA,3,1,0,0,0,0,2,7
"47",47,24,3,0,1,0,0,0,0,0,0,999,2,2,1,0,2,1,0,4,11
"48",48,21,4,1,1,0,0,0,0,0,0,999,2,1,1,2,2,0,0,4,8
"49",49,26,1,0,1,0,0,0,0,0,0,999,3,2,1,3,1,0,0,4,9
"50",50,22,2,1,1,0,0,0,0,0,0,999,2,2,1,1,1,0,0,4,10
"51",51,26,3,0,1,0,0,0,0,0,0,999,3,2,1,1,2,1,0,6,10
"52",52,30,4,0,1,0,0,0,0,0,0,999,3,2,1,2,2,0,1,6,10
"53",53,22,1,0,1,0,0,0,0,0,0,999,2,NA,2,0,2,0,0,3,10
"54",54,27,2,0,1,0,0,0,0,0,0,999,2,3,1,1,1,0,0,5,11
"55",55,25,3,0,1,0,0,0,0,0,0,999,3,1,1,0,1,0,1,4,7
"56",56,20,4,0,1,0,0,0,0,0,0,999,2,3,1,2,2,2,0,6,10
"57",57,23,1,0,1,0,0,0,0,0,0,999,NA,2,0,2,2,1,0,5,11
"58",58,29,2,0,1,0,0,0,0,1,0,999,3,2,1,1,3,1,0,6,11
"59",59,25,3,0,1,0,0,0,0,1,0,999,3,2,1,1,0,1,1,6,9
"60",60,19,4,0,1,0,0,0,0,0,0,999,3,2,1,1,1,0,0,5,8
"61",61,19,1,1,1,0,0,0,0,0,0,999,3,2,1,0,1,1,0,5,8
"62",62,20,2,1,1,0,0,0,0,1,0,999,2,2,1,1,3,2,0,6,11
"63",63,21,3,0,1,0,0,0,0,1,0,999,2,2,1,1,1,0,0,4,7
"64",64,22,4,0,1,0,0,0,0,0,0,999,2,2,1,1,1,0,0,4,10
"65",65,29,1,0,1,0,0,0,0,0,0,999,3,2,1,1,2,1,0,6,14
"66",66,24,2,1,1,0,0,0,0,1,0,999,3,2,1,0,0,1,0,3,10
"67",67,27,3,0,1,0,0,0,0,1,0,999,1,1,2,1,2,0,1,6,12
"68",68,26,4,0,1,0,0,0,0,0,0,999,2,2,1,1,1,0,1,6,13
"69",69,29,1,0,1,0,0,0,0,1,0,999,3,2,1,2,2,0,0,5,10
"70",70,28,2,1,1,0,0,0,0,1,0,999,2,3,0,3,1,0,0,4,7
"71",71,29,3,0,1,0,0,0,0,1,0,999,1,1,2,1,2,1,1,7,11
"72",72,23,4,1,1,0,0,0,0,0,0,999,2,3,1,1,3,1,0,6,10
"73",73,21,1,0,1,0,0,0,0,0,0,999,2,1,2,1,1,1,0,6,11
"74",74,21,2,0,1,0,0,0,0,0,0,999,2,1,1,0,2,0,0,2,6
"75",75,18,3,0,1,0,0,0,0,0,0,999,2,3,1,0,2,0,0,3,6
"76",76,25,4,0,1,0,0,0,0,0,0,999,2,2,1,1,2,2,1,8,13
"77",77,24,1,0,1,0,0,0,0,0,0,999,1,2,1,0,2,0,0,3,8
"78",78,27,2,0,1,0,0,0,0,1,0,999,2,1,1,1,0,1,0,4,10
"79",79,27,3,1,1,0,0,0,0,1,0,999,2,2,1,3,2,1,0,6,11
"80",80,27,4,0,1,0,0,0,0,0,0,999,2,2,1,2,1,0,0,4,11
"81",81,18,1,1,1,0,0,0,0,1,0,999,3,3,1,0,2,0,1,5,7
"82",82,27,2,0,1,0,0,0,0,0,0,999,2,1,1,2,3,1,0,6,12
"83",83,18,3,0,1,0,0,0,0,0,0,999,2,2,1,2,1,1,1,7,11
"84",84,24,4,0,1,0,0,0,0,1,0,999,2,1,1,1,2,1,0,5,13
"85",85,25,1,0,1,0,0,0,0,1,0,999,2,2,1,2,1,1,0,6,11
"86",86,20,2,1,1,0,0,0,0,0,0,999,2,2,1,1,2,1,0,6,10
"87",87,28,3,0,1,0,0,0,0,0,0,999,3,3,1,2,0,1,0,5,12
"88",88,30,4,0,1,0,0,0,0,0,0,999,2,2,0,0,1,0,0,2,6
"89",89,28,1,1,1,0,0,0,0,1,0,999,3,2,1,0,2,0,0,3,9
"90",90,21,2,0,1,0,0,0,0,1,0,999,3,2,1,0,2,0,0,3,9
"91",91,22,3,0,1,0,0,0,0,1,0,999,2,1,1,1,3,1,0,6,14
"92",92,23,4,0,1,0,0,0,0,1,0,999,1,1,1,0,3,1,0,4,8
"93",93,21,1,1,1,0,0,0,0,0,0,999,2,3,1,1,2,1,0,6,11
"94",94,28,2,1,1,0,0,0,0,0,0,999,4,3,1,0,1,0,0,3,11
"95",95,27,3,0,1,0,0,0,0,1,0,999,3,2,1,1,2,1,0,6,14
"96",96,27,4,0,1,0,0,0,0,1,0,999,2,1,1,1,1,0,0,4,8
"97",97,20,1,1,1,0,0,0,0,1,0,999,2,2,2,1,0,1,0,4,9
"98",98,26,2,0,1,0,0,0,0,1,0,999,2,1,1,1,1,0,1,6,9
"99",99,24,3,0,1,0,0,0,0,0,0,999,4,3,0,0,3,0,0,3,8
"100",100,21,4,0,1,0,0,0,0,0,0,999,3,1,1,0,1,1,1,6,11
"101",101,29,1,1,1,0,0,0,0,0,0,999,2,2,1,0,1,1,0,4,8
"102",102,26,2,0,1,0,0,0,0,1,0,999,2,2,1,0,0,0,1,3,7
"103",103,23,3,0,1,0,0,0,0,0,0,999,3,2,1,1,2,2,0,6,11
"104",104,27,4,0,1,0,0,0,0,0,0,999,NA,3,0,2,1,1,1,7,13
"105",105,26,1,0,1,0,0,0,0,1,0,999,2,2,1,1,0,1,1,6,12
"106",106,29,2,0,1,0,0,0,0,0,0,999,2,2,1,0,1,1,0,4,10
"107",107,21,3,1,1,0,0,0,0,0,0,999,3,2,1,1,1,0,0,5,8
"108",108,28,4,0,1,0,0,0,0,1,0,999,2,2,1,0,2,0,0,3,12
"109",109,27,1,0,1,0,0,0,0,0,0,999,3,3,1,1,3,1,1,8,14
"110",110,27,2,0,1,0,0,0,0,1,0,999,2,3,1,1,2,0,0,4,9
"111",111,25,3,0,1,0,0,0,0,0,0,999,2,4,1,2,3,0,0,5,9
"112",112,20,4,1,1,0,0,0,0,1,0,999,1,1,2,0,0,0,0,1,8
"113",113,21,1,0,1,0,0,0,0,0,0,999,3,3,1,1,1,1,0,6,12
"114",114,22,2,1,1,0,0,0,0,0,0,999,3,3,1,0,1,1,1,6,12
"115",115,25,3,0,1,0,0,0,0,1,0,999,2,2,0,0,1,0,0,3,7
"116",116,30,4,0,1,0,0,0,0,0,0,999,2,2,1,1,3,2,0,6,13
"117",117,26,1,1,1,0,0,0,0,0,0,999,2,2,1,0,2,0,0,3,8
"118",118,19,2,0,1,0,0,0,0,1,0,999,2,1,1,1,2,2,0,5,7
"119",119,24,3,0,1,0,0,0,0,0,0,999,2,2,1,1,2,1,0,6,11
"120",120,21,4,0,1,0,0,0,0,1,0,999,2,3,1,2,2,2,1,7,10
"121",121,30,1,0,1,0,0,0,0,0,0,999,2,2,1,1,3,0,0,4,9
"122",122,28,2,0,1,0,0,0,0,1,0,999,1,1,2,2,0,0,1,4,8
"123",123,29,3,0,1,0,0,0,0,0,0,999,1,1,1,0,1,0,1,4,9
"124",124,24,4,0,1,0,0,0,0,0,0,999,2,3,1,1,1,1,0,6,9
"125",125,25,1,0,1,0,0,0,0,1,0,999,2,1,1,0,2,0,2,4,10
"126",126,27,2,0,1,0,0,0,0,0,0,999,2,1,1,1,1,0,0,4,10
"127",127,28,3,0,1,0,0,0,0,0,0,999,2,2,1,2,3,1,0,6,11
"128",128,23,4,0,1,0,0,0,0,1,0,999,3,2,1,2,2,1,1,7,13
"129",129,28,1,0,1,0,0,0,0,1,0,999,2,2,1,2,2,1,0,6,13
"130",130,24,2,0,1,0,0,0,0,0,0,999,2,1,1,1,2,0,0,4,8
"131",131,29,3,0,1,0,0,0,0,0,0,999,2,2,1,0,1,0,1,4,8
"132",132,28,4,0,1,0,0,0,0,0,0,999,3,3,1,1,1,1,0,6,13
"133",133,18,1,0,1,0,0,0,0,1,0,999,2,2,0,2,3,1,1,7,14
"134",134,29,2,0,1,0,0,0,0,1,0,999,3,2,1,1,3,0,0,5,9
"135",135,22,3,0,1,0,0,0,0,1,0,999,2,1,0,2,3,1,0,5,10
"136",136,28,4,0,1,0,0,0,0,0,0,999,2,2,0,2,3,1,1,7,14
"137",137,18,1,0,1,0,0,0,0,0,0,999,3,2,0,0,0,0,0,1,7
"138",138,21,2,0,1,0,0,0,0,0,0,999,2,2,1,0,2,0,0,3,10
"139",139,20,3,0,1,0,0,0,0,0,0,999,2,2,1,0,1,1,1,6,11
"140",140,29,4,0,1,0,0,0,0,0,0,999,2,2,1,0,0,0,0,1,9
"141",141,24,1,0,1,0,0,0,0,0,0,999,3,2,1,2,1,0,0,4,10
"142",142,28,2,0,1,0,0,0,0,0,0,999,3,3,1,0,2,0,1,5,13
"143",143,24,3,1,1,0,0,0,0,0,0,999,2,1,2,1,3,0,1,6,11
"144",144,27,4,0,1,0,0,0,0,1,0,999,3,3,1,1,1,2,0,6,12
"145",145,20,1,0,1,0,0,0,0,0,0,999,2,2,1,1,2,0,0,4,9
"146",146,27,2,0,1,0,0,0,0,0,0,999,3,3,0,0,0,1,0,3,8
"147",147,28,3,0,1,0,0,0,0,1,0,999,2,1,1,1,2,1,0,5,9
"148",148,24,4,1,1,0,0,0,0,1,0,999,2,2,2,0,1,1,0,5,12
"149",149,27,1,0,1,0,0,0,0,0,0,999,2,2,1,1,1,1,1,7,12
"150",150,26,2,1,1,0,0,0,0,1,0,999,3,1,1,1,1,1,0,6,11
"151",151,24,3,0,1,0,0,0,0,0,1,0,3,3,1,2,2,0,0,5,9
"152",152,26,4,1,1,0,0,0,0,1,4,3,3,1,1,0,3,0,0,3,9
"153",153,18,1,0,1,0,0,0,0,0,5,5,3,2,0,2,1,0,0,4,10
"154",154,18,2,0,1,0,0,0,0,1,6,5,2,3,1,1,1,0,1,6,13
"155",155,18,3,1,1,0,0,0,0,0,3,2,2,1,1,2,2,2,1,7,13
"156",156,21,4,0,1,0,0,0,0,0,3,2,1,0,1,0,2,0,0,2,9
"157",157,20,1,0,1,0,0,0,0,0,3,2,2,3,1,0,0,1,1,5,9
"158",158,21,2,0,1,0,0,0,0,1,2,1,3,1,1,2,1,0,1,6,12
"159",159,25,3,1,1,0,0,0,0,1,5,4,2,2,1,0,1,1,0,4,9
"160",160,23,4,0,1,0,0,0,0,0,5,4,3,4,1,1,3,1,0,6,10
"161",161,30,1,1,1,0,0,0,0,0,4,4,3,4,1,0,1,1,0,5,10
"162",162,21,2,0,1,0,0,0,0,0,4,3,3,1,1,0,0,1,0,3,5
"163",163,21,3,0,1,0,0,0,0,0,2,1,3,2,1,2,1,0,0,5,12
"164",164,29,4,0,1,0,0,0,0,0,5,5,3,3,1,2,0,0,0,3,11
"165",165,25,1,0,1,0,0,0,0,0,5,4,4,2,1,0,1,0,1,5,10
"166",166,27,2,0,1,0,0,0,0,0,6,5,2,2,1,0,1,0,1,4,13
"167",167,30,3,0,1,0,0,0,0,1,3,2,2,1,2,1,1,0,1,6,9
"168",168,27,4,0,1,0,0,0,0,1,2,1,2,0,1,1,1,1,0,5,13
"169",169,18,1,1,1,0,0,0,0,0,3,2,2,2,1,0,2,1,0,4,8
"170",170,25,2,0,1,0,0,0,0,0,4,3,3,3,0,1,1,1,0,6,11
"171",171,19,3,0,1,0,0,0,0,0,4,3,2,1,1,1,1,1,0,5,7
"172",172,18,4,0,1,0,0,0,0,0,3,2,2,4,1,3,2,2,0,6,8
"173",173,26,1,1,1,0,0,0,0,0,5,4,2,2,1,0,2,0,0,3,7
"174",174,28,2,0,1,0,0,0,0,1,4,3,2,3,2,3,2,1,0,6,12
"175",175,18,3,0,1,0,0,0,0,1,2,1,2,3,2,1,2,1,0,6,11
"176",176,21,4,0,1,0,0,0,0,0,4,3,1,2,1,1,1,0,0,4,8
"177",177,27,1,0,1,0,0,0,0,0,1,0,2,2,1,0,2,1,1,6,11
"178",178,20,2,0,1,0,0,0,0,0,5,4,3,1,1,0,1,0,0,3,8
"179",179,28,3,0,1,0,0,0,0,1,1,0,2,2,1,0,1,1,0,4,12
"180",180,20,4,0,1,0,0,0,0,0,2,1,2,2,1,1,2,1,1,7,12
"181",181,29,1,0,1,0,0,0,0,1,3,2,NA,1,1,2,1,0,0,4,8
"182",182,22,2,0,1,0,0,0,0,0,6,4,1,2,2,0,1,1,0,4,10
"183",183,25,3,1,1,0,0,0,0,0,6,5,3,3,1,2,3,1,0,6,11
"184",184,24,4,0,1,0,0,0,0,1,3,2,2,2,1,0,1,1,1,6,13
"185",185,26,1,0,1,0,0,0,0,0,4,3,2,2,2,0,2,1,1,6,13
"186",186,19,2,0,1,0,0,0,0,1,1,0,3,NA,1,0,2,1,0,4,10
"187",187,23,3,0,1,0,0,0,0,1,3,2,1,1,1,1,1,0,0,4,12
"188",188,25,4,0,1,0,0,0,0,0,2,1,3,2,0,1,2,0,0,4,9
"189",189,20,1,1,1,0,0,0,0,1,6,5,3,3,1,1,1,0,0,5,12
"190",190,21,2,0,1,0,0,0,0,0,6,5,1,2,1,1,2,1,1,7,14
"191",191,30,3,0,1,0,0,0,0,1,1,0,3,3,0,1,3,0,0,5,11
"192",192,21,4,0,1,0,0,0,0,1,2,1,2,2,1,0,1,0,1,4,11
"193",193,21,1,0,1,0,0,0,0,0,4,3,2,2,1,1,1,0,0,4,8
"194",194,19,2,0,1,0,0,0,0,0,2,1,2,2,1,0,2,1,0,4,10
"195",195,30,3,1,1,0,0,0,0,1,1,0,2,1,1,1,1,0,2,6,14
"196",196,30,4,0,1,0,0,0,0,0,2,1,2,2,1,2,2,0,0,4,8
"197",197,23,1,0,1,0,0,0,0,0,3,2,2,2,1,0,1,0,0,3,8
"198",198,28,2,0,1,0,0,0,0,1,3,2,3,3,1,0,2,0,0,3,11
"199",199,27,3,0,1,0,0,0,0,0,1,0,2,2,1,0,1,1,0,4,9
"200",200,18,4,0,1,0,0,0,0,0,6,5,3,2,1,1,0,1,0,5,12
"201",201,28,1,0,1,0,0,0,0,1,4,3,2,2,1,2,0,0,0,3,9
"202",202,29,2,0,1,0,0,0,0,0,3,2,2,1,1,1,1,1,0,5,10
"203",203,24,3,0,1,0,0,0,0,1,3,2,2,2,1,1,1,1,0,6,8
"204",204,28,4,0,1,0,0,0,0,0,6,5,2,1,1,2,0,0,0,3,9
"205",205,27,1,1,1,0,0,0,0,0,6,5,2,1,1,0,2,0,0,2,10
"206",206,19,2,0,1,0,0,0,0,0,4,3,2,1,1,1,1,0,2,6,13
"207",207,21,3,0,1,0,0,0,0,1,5,4,1,0,2,0,1,1,1,5,9
"208",208,26,4,0,1,0,0,0,0,0,2,1,2,2,1,1,1,0,0,4,9
"209",209,20,1,0,1,0,0,0,0,0,5,4,2,1,1,1,2,3,0,5,10
"210",210,25,2,0,1,0,0,0,0,1,3,2,2,1,1,0,1,2,0,4,9
"211",211,29,3,0,1,0,0,0,0,1,2,1,2,2,1,2,1,1,0,6,13
"212",212,29,4,0,1,0,0,0,0,0,2,1,2,2,1,0,2,0,0,3,7
"213",213,18,1,0,1,0,0,0,0,1,1,0,1,1,2,0,0,0,1,2,6
"214",214,26,2,1,1,0,0,0,0,1,4,3,2,1,1,1,2,0,0,4,10
"215",215,23,3,0,1,0,0,0,0,1,4,3,4,3,0,1,1,0,0,5,10
"216",216,24,4,0,1,0,0,0,0,0,3,2,2,3,1,2,2,2,0,6,11
"217",217,27,1,1,1,0,0,0,0,0,5,4,2,0,1,1,0,0,1,4,9
"218",218,24,2,1,1,0,0,0,0,0,6,5,2,2,0,1,1,0,0,4,7
"219",219,25,3,0,1,0,0,0,0,1,6,5,1,2,2,0,1,1,1,6,10
"220",220,25,4,0,1,0,0,0,0,0,3,2,2,1,1,0,0,2,0,2,10
"221",221,21,1,1,1,0,0,0,0,1,3,2,2,2,1,0,2,2,1,6,13
"222",222,19,2,0,1,0,0,0,0,0,6,5,2,2,1,2,1,0,0,5,9
"223",223,24,3,0,1,0,0,0,0,0,4,3,2,2,1,0,0,0,0,1,6
"224",224,20,4,1,1,0,0,0,0,0,1,0,2,2,1,1,2,0,1,6,9
"225",225,28,1,0,1,0,0,0,0,1,6,5,3,2,1,0,2,0,1,5,12
"226",226,23,2,0,1,0,0,0,0,0,4,3,1,2,2,0,1,0,0,3,8
"227",227,20,3,1,1,0,0,0,0,0,5,4,2,3,1,0,1,0,2,4,9
"228",228,29,4,0,1,0,0,0,0,1,1,0,2,2,1,1,2,1,1,7,13
"229",229,18,1,0,1,0,0,0,0,1,5,4,3,2,1,3,2,1,0,6,11
"230",230,24,2,0,1,0,0,0,0,0,2,1,3,2,1,1,1,1,1,7,12
"231",231,19,3,1,1,0,0,0,0,0,5,4,2,2,1,1,1,0,0,4,7
"232",232,22,4,0,1,0,0,0,0,0,2,1,2,3,1,1,1,0,1,6,13
"233",233,19,1,0,1,0,0,0,0,0,3,2,3,3,1,2,1,1,0,6,9
"234",234,18,2,0,1,0,0,0,0,0,2,1,3,2,0,1,1,1,0,6,11
"235",235,24,3,0,1,0,0,0,0,0,5,4,3,NA,1,0,1,1,0,4,10
"236",236,20,4,0,1,0,0,0,0,0,4,3,2,2,2,0,2,2,0,5,10
"237",237,24,1,0,1,0,0,0,0,1,3,2,1,1,1,0,3,1,0,4,11
"238",238,26,2,1,1,0,0,0,0,0,2,1,2,2,1,1,1,0,0,4,10
"239",239,30,3,0,1,0,0,0,0,1,4,3,2,2,1,1,3,1,0,6,14
"240",240,28,4,0,1,0,0,0,0,1,3,2,3,3,1,1,1,0,0,5,14
"241",241,30,1,0,1,0,0,0,0,0,5,4,4,3,0,1,2,1,1,8,19
"242",242,21,2,0,1,0,0,0,0,0,3,2,2,1,1,1,3,2,0,5,10
"243",243,18,3,1,1,0,0,0,0,0,4,3,3,3,1,1,1,0,0,5,11
"244",244,30,4,0,1,0,0,0,0,0,4,3,3,3,1,1,1,2,0,6,12
"245",245,23,1,1,1,0,0,0,0,1,3,2,2,2,1,2,2,1,1,7,10
"246",246,20,2,0,1,0,0,0,0,0,6,5,2,3,1,1,0,1,0,5,12
"247",247,20,3,0,1,0,0,0,0,1,1,0,NA,1,0,1,2,0,0,3,6
"248",248,21,4,1,1,0,0,0,0,1,3,2,2,1,1,3,2,1,0,5,11
"249",249,18,1,0,1,0,0,0,0,0,2,1,2,2,1,1,1,1,0,6,12
"250",250,19,2,0,1,0,0,0,0,0,3,2,2,2,1,2,1,0,0,4,8
"251",251,24,3,0,1,0,0,0,0,0,3,2,2,2,1,0,1,0,0,3,8
"252",252,18,4,1,1,0,0,0,0,1,4,3,2,1,1,1,1,0,0,4,5
"253",253,23,1,0,1,0,0,0,0,0,2,1,2,2,1,2,2,1,0,6,13
"254",254,24,2,1,1,0,0,0,0,0,1,0,1,2,1,0,2,1,1,6,12
"255",255,19,3,0,1,0,0,0,0,1,2,1,2,2,1,1,3,2,0,6,10
"256",256,22,4,1,1,0,0,0,0,1,5,4,1,1,2,0,2,1,0,4,7
"257",257,25,1,0,1,0,0,0,0,1,3,2,1,1,1,1,2,1,1,7,13
"258",258,20,2,0,1,0,0,0,0,0,2,1,1,2,2,1,2,2,0,6,11
"259",259,19,3,0,1,0,0,0,0,1,1,0,2,2,2,2,1,0,0,5,7
"260",260,22,4,0,1,0,0,0,0,0,4,3,2,2,1,0,1,0,0,3,7
"261",261,23,1,0,1,0,0,0,0,0,1,0,1,2,2,0,2,0,0,3,11
"262",262,24,2,0,1,0,0,0,0,0,4,3,2,1,1,1,3,2,0,5,10
"263",263,18,3,0,1,0,0,0,0,1,5,4,2,3,1,0,3,1,0,4,9
"264",264,28,4,0,1,0,0,0,0,0,3,2,2,3,1,1,2,2,0,6,11
"265",265,21,1,0,1,0,0,0,0,1,5,4,2,2,0,1,0,1,1,5,13
"266",266,18,2,0,1,0,0,0,0,0,4,3,NA,1,0,1,3,1,0,5,9
"267",267,23,3,1,1,0,0,0,0,1,2,1,2,1,1,0,2,0,0,2,6
"268",268,25,4,1,1,0,0,0,0,0,3,2,2,2,1,1,3,0,0,4,10
"269",269,25,1,0,1,0,0,0,0,0,4,3,1,1,1,0,1,1,0,4,7
"270",270,23,2,0,1,0,0,0,0,0,5,4,2,NA,2,2,1,0,1,6,14
"271",271,21,3,0,1,0,0,0,0,0,5,4,3,2,0,0,3,0,0,3,8
"272",272,22,4,0,1,0,0,0,0,0,1,0,2,2,1,2,2,1,0,6,13
"273",273,30,1,0,1,0,0,0,0,1,6,5,2,2,1,0,1,1,1,6,14
"274",274,18,2,0,1,0,0,0,0,0,2,1,3,2,1,1,2,0,0,5,8
"275",275,25,3,0,1,0,0,0,0,0,5,4,3,2,1,1,3,1,0,6,11
"276",276,20,4,0,1,0,0,0,0,1,2,1,2,3,1,1,2,1,0,6,11
"277",277,23,1,0,1,0,0,0,0,1,1,0,2,NA,1,1,1,1,0,6,14
"278",278,23,2,0,1,0,0,0,0,0,2,1,2,2,1,1,2,1,1,7,13
"279",279,29,3,0,1,0,0,0,0,1,1,0,3,3,1,2,1,1,0,6,8
"280",280,25,4,1,1,0,0,0,0,1,3,2,2,2,1,1,0,0,0,3,6
"281",281,29,1,0,1,0,0,0,0,0,6,5,3,2,1,2,2,2,0,6,12
"282",282,25,2,0,1,0,0,0,0,1,3,2,2,2,1,0,2,1,0,4,9
"283",283,19,3,1,1,0,0,0,0,0,4,3,2,3,1,2,3,1,0,6,10
"284",284,29,4,0,1,0,0,0,0,0,1,0,3,3,1,1,1,1,0,6,13
"285",285,28,1,0,1,0,0,0,0,0,6,5,2,2,1,0,3,1,0,4,11
"286",286,29,2,1,1,0,0,0,0,0,3,2,3,2,1,1,1,1,0,6,12
"287",287,30,3,1,1,0,0,0,0,0,2,1,4,3,0,1,2,1,1,8,12
"288",288,30,4,1,1,0,0,0,0,1,2,1,2,3,1,1,2,0,1,6,12
"289",289,18,1,0,1,0,0,0,0,0,2,1,3,4,1,3,1,1,0,6,12
"290",290,28,2,0,1,0,0,0,0,1,3,2,3,3,0,0,3,0,1,4,10
"291",291,20,3,1,1,0,0,0,0,0,3,2,1,1,1,1,1,0,0,4,11
"292",292,18,4,0,1,0,0,0,0,0,1,0,3,2,1,1,2,2,0,6,13
"293",293,24,1,0,1,0,0,0,0,0,3,2,NA,1,1,0,3,1,0,4,9
"294",294,18,2,0,1,0,0,0,0,0,5,4,2,3,1,0,3,0,0,3,6
"295",295,22,3,0,1,0,0,0,0,0,1,0,2,3,1,1,2,0,0,4,8
"296",296,19,4,0,1,0,0,0,0,0,1,0,1,2,2,1,2,0,0,4,6
"297",297,19,1,0,1,0,0,0,0,1,3,2,2,2,1,1,0,1,0,4,8
"298",298,23,2,0,1,0,0,0,0,0,3,2,2,4,1,1,1,0,0,5,9
"299",299,22,3,0,1,0,0,0,0,0,1,0,1,1,2,2,1,0,0,4,11
"300",300,29,4,0,1,0,0,0,0,0,6,5,NA,1,1,1,1,0,1,5,9
"301",301,19,1,1,1,0,0,0,0,0,2,1,1,1,1,0,1,1,0,4,7
"302",302,30,2,0,1,0,0,0,0,0,3,2,2,2,1,0,2,0,0,3,12
"303",303,27,3,1,1,0,0,0,0,0,6,5,1,1,1,1,0,1,1,5,8
"304",304,19,4,0,1,0,0,0,0,0,6,5,3,3,0,0,2,0,0,3,7
"305",305,26,1,0,1,0,0,0,0,0,1,0,2,2,1,0,0,0,1,3,8
"306",306,21,2,0,1,0,0,0,0,1,6,5,1,0,1,0,2,2,0,3,8
"307",307,22,3,1,1,0,0,0,0,0,6,6,2,2,1,0,2,1,1,6,11
"308",308,19,4,0,1,0,0,0,0,0,3,2,NA,2,1,0,0,2,0,3,6
"309",309,27,1,0,1,0,0,0,0,0,2,1,NA,1,1,2,2,1,0,5,13
"310",310,29,2,0,1,0,0,0,0,0,3,2,2,1,2,2,2,1,0,6,11
"311",311,30,3,0,1,0,0,0,0,0,6,5,3,3,1,1,1,1,0,6,11
"312",312,28,4,0,1,0,0,0,0,1,5,4,2,2,1,0,1,0,0,3,8
"313",313,25,1,0,1,0,0,0,0,0,1,0,2,2,1,1,2,0,1,6,12
"314",314,21,2,0,1,0,0,0,0,1,2,1,3,3,1,0,1,1,1,6,12
"315",315,26,3,0,1,0,0,0,0,0,2,1,2,2,1,0,1,0,0,3,11
"316",316,19,4,0,1,0,0,0,0,0,4,3,2,2,1,1,2,1,0,6,12
"317",317,20,1,0,1,0,0,0,0,0,3,2,3,2,0,0,1,0,1,4,8
"318",318,18,2,1,1,0,0,0,0,0,3,2,2,1,2,0,0,1,1,4,10
"319",319,27,3,0,1,0,0,0,0,0,5,4,2,2,1,1,2,1,0,6,11
"320",320,21,4,0,1,0,0,0,0,0,1,0,2,2,1,1,1,1,1,7,15
"321",321,21,1,0,1,0,0,0,0,1,1,0,3,2,1,2,2,1,0,6,12
"322",322,25,2,0,1,0,0,0,0,1,2,1,2,2,1,0,1,0,0,3,10
"323",323,26,3,1,1,0,0,0,0,0,1,0,3,3,0,1,1,1,0,6,11
"324",324,23,4,0,1,0,0,0,0,0,3,2,1,1,2,2,1,0,1,5,10
"325",325,25,1,0,1,0,0,0,0,0,5,4,2,1,0,1,1,2,0,5,10
"326",326,24,2,0,1,0,0,0,0,0,2,1,NA,3,1,1,1,0,0,5,12
"327",327,27,3,0,1,0,0,0,0,0,3,2,NA,2,1,1,3,1,0,6,10
"328",328,24,4,0,1,0,0,0,0,0,1,0,2,2,1,1,1,0,0,4,10
"329",329,28,1,0,1,0,0,0,0,0,6,5,2,1,1,1,2,1,1,7,13
"330",330,23,2,0,1,0,0,0,0,1,1,0,3,3,1,2,2,1,1,8,15
"331",331,20,3,0,1,0,0,0,0,0,3,2,2,2,1,1,2,0,1,6,13
"332",332,20,4,0,1,0,0,0,0,0,1,0,3,2,2,1,1,0,0,5,14
"333",333,30,1,0,1,0,0,0,0,0,1,0,2,2,1,0,0,0,0,1,12
"334",334,21,2,1,1,0,0,0,0,0,3,2,3,2,1,1,1,0,0,5,11
"335",335,28,3,0,1,0,0,0,0,0,2,1,2,3,1,2,1,1,0,6,12
"336",336,30,4,0,1,0,0,0,0,0,4,3,3,3,0,2,2,2,0,6,9
"337",337,30,1,1,1,0,0,0,0,0,1,0,2,1,1,0,1,1,0,4,11
"338",338,26,2,0,1,0,0,0,0,0,3,2,2,2,1,1,1,2,0,6,14
"339",339,29,3,0,1,0,0,0,0,0,6,5,2,1,1,0,1,0,0,3,10
"340",340,28,4,0,1,0,0,0,0,1,2,1,3,1,1,0,1,2,1,6,10
"341",341,21,1,0,1,0,0,0,0,0,1,0,3,3,1,1,1,0,0,5,10
"342",342,24,2,1,1,0,0,0,0,1,6,5,2,2,1,1,3,2,0,6,10
"343",343,18,3,1,1,0,0,0,0,1,2,1,2,1,1,1,1,1,2,7,12
"344",344,18,4,0,1,0,0,0,0,0,5,4,1,2,1,1,0,1,0,4,10
"345",345,28,1,1,1,0,0,0,0,1,5,4,2,2,1,2,1,0,0,4,9
"346",346,22,2,0,1,0,0,0,0,0,1,0,2,3,1,0,1,2,0,5,8
"347",347,21,3,0,1,0,0,0,0,0,4,3,2,1,1,1,1,1,0,5,11
"348",348,22,4,0,1,0,0,0,0,0,3,2,3,1,1,1,2,3,0,6,11
"349",349,25,1,1,1,0,0,0,0,0,5,4,1,NA,1,2,1,0,0,4,9
"350",350,21,2,0,1,0,0,0,0,0,1,0,3,2,1,1,1,0,0,4,11
"351",351,28,3,0,1,0,0,0,0,0,2,1,3,3,1,0,0,0,0,2,7
"352",352,28,4,0,1,0,0,0,0,1,4,3,1,1,2,0,1,1,1,6,13
"353",353,24,1,0,1,0,0,0,0,0,6,5,2,3,1,1,1,2,0,6,13
"354",354,22,2,0,1,0,0,0,0,0,3,2,3,1,1,0,0,1,0,3,7
"355",355,23,3,0,1,0,0,0,0,0,4,3,2,2,1,0,2,0,0,3,8
"356",356,21,4,0,1,0,0,0,0,1,1,0,2,1,1,1,1,0,0,4,12
"357",357,26,1,1,1,0,0,0,0,0,3,2,2,2,1,1,3,0,1,6,13
"358",358,25,2,0,1,0,0,0,0,1,4,3,2,2,1,0,3,0,0,3,9
"359",359,26,3,1,1,0,0,0,0,1,2,1,3,2,1,1,1,0,0,4,11
"360",360,28,4,1,1,0,0,0,0,1,2,1,2,2,1,0,2,1,0,4,9
"361",361,26,1,0,1,0,0,0,0,0,6,4,3,1,1,1,1,1,0,6,9
"362",362,30,2,1,1,0,0,0,0,0,2,1,3,2,1,0,1,1,0,4,9
"363",363,30,3,1,1,0,0,0,0,0,5,4,3,3,1,2,2,0,0,4,14
"364",364,20,4,0,1,0,0,0,0,0,6,5,2,1,1,0,3,0,0,3,8
"365",365,27,1,0,1,0,0,0,0,0,6,5,3,3,1,1,2,0,1,6,11
"366",366,25,2,1,1,0,0,0,0,1,6,5,3,1,1,1,1,1,0,6,11
"367",367,19,3,0,1,0,0,0,0,0,1,0,3,3,1,2,3,3,0,7,12
"368",368,29,4,0,1,0,0,0,0,0,3,2,2,2,1,2,1,0,0,4,11
"369",369,23,1,1,1,0,0,0,0,1,2,1,1,1,1,0,3,0,0,2,6
"370",370,30,2,0,1,0,0,0,0,0,2,1,2,2,1,1,1,0,1,6,13
"371",371,29,3,0,1,0,0,0,0,0,1,0,NA,2,1,1,2,1,0,6,12
"372",372,23,4,0,1,0,0,0,0,0,2,1,3,3,0,1,1,1,0,6,10
"373",373,23,1,0,1,0,0,0,0,0,4,3,2,3,1,1,2,0,0,4,9
"374",374,19,2,1,1,0,0,0,0,1,1,0,2,2,1,1,1,1,0,6,11
"375",375,21,3,0,1,0,0,0,0,0,6,5,2,2,1,1,2,1,0,6,12
"376",376,21,4,0,1,0,0,0,0,0,6,5,2,2,1,0,2,0,0,3,9
"377",377,18,1,0,1,0,0,0,0,0,5,4,1,1,1,0,2,0,1,4,6
"378",378,20,2,1,1,0,0,0,0,0,3,2,3,2,1,1,1,1,0,6,11
"379",379,23,3,0,1,0,0,0,0,0,6,5,2,1,1,1,2,1,1,7,13
"380",380,22,4,0,1,0,0,0,0,0,3,2,2,2,1,2,1,0,1,6,12
"381",381,27,1,0,1,0,0,0,0,1,4,3,2,2,1,1,1,1,0,6,13
"382",382,29,2,0,1,0,0,0,0,0,4,3,2,2,1,1,1,0,0,4,9
"383",383,30,3,1,1,0,0,0,0,0,3,2,2,3,1,1,1,1,0,6,12
"384",384,26,4,0,1,0,0,0,0,0,4,3,2,1,1,1,3,0,0,4,9
"385",385,18,1,1,1,0,0,0,0,0,2,1,3,1,0,0,1,0,0,3,7
"386",386,28,2,0,1,0,0,0,0,0,5,4,2,1,1,0,1,0,0,2,8
"387",387,26,3,0,1,0,0,0,0,0,4,3,2,2,1,1,2,1,0,6,14
"388",388,24,4,0,1,0,0,0,0,0,5,4,3,2,1,0,2,3,2,6,12
"389",389,27,1,1,1,0,0,0,0,0,3,2,2,2,1,2,2,2,0,6,11
"390",390,21,2,1,1,0,0,0,0,0,5,4,2,2,1,2,1,0,1,6,10
"391",391,29,3,0,1,0,0,0,0,0,5,4,2,2,1,0,0,0,0,1,7
"392",392,29,4,0,1,0,0,0,0,1,4,3,3,2,1,1,2,2,0,6,12
"393",393,29,1,0,1,0,0,0,0,0,3,2,2,0,1,1,2,0,1,5,11
"394",394,24,2,0,1,0,0,0,0,0,5,4,2,2,1,1,1,0,1,5,10
"395",395,27,3,0,1,0,0,0,0,1,1,0,3,2,1,0,2,2,0,5,12
"396",396,25,4,0,1,0,0,0,0,0,4,3,2,1,1,1,2,0,0,4,8
"397",397,30,1,0,1,0,0,0,0,1,4,3,3,2,1,0,1,0,0,3,10
"398",398,30,2,1,1,0,0,0,0,0,5,4,2,1,1,0,0,1,0,2,4
"399",399,27,3,0,1,0,0,0,0,0,5,4,3,3,0,2,0,1,0,4,9
"400",400,23,4,0,1,0,0,0,0,0,6,5,2,2,1,0,1,0,1,4,9
"401",401,18,1,0,1,0,0,0,0,0,3,2,3,2,1,1,2,1,0,6,11
"402",402,22,2,0,1,0,0,0,0,0,5,4,2,3,1,1,2,1,0,6,14
"403",403,30,3,0,1,0,0,0,0,0,5,4,3,3,0,1,3,0,0,5,11
"404",404,30,4,1,1,0,0,0,0,1,5,4,2,2,2,1,3,0,0,4,9
"405",405,20,1,0,1,0,0,0,0,0,3,2,2,1,1,1,3,0,1,5,11
"406",406,23,2,1,1,0,0,0,0,0,4,3,2,1,1,2,2,0,0,4,6
"407",407,19,3,0,1,0,0,0,0,0,1,0,3,3,1,1,1,0,0,5,12
"408",408,28,4,0,1,0,0,0,0,0,2,1,2,1,1,0,1,0,0,3,9
"409",409,29,1,0,1,0,0,0,0,1,5,4,3,3,1,0,0,0,0,2,9
"410",410,21,2,0,1,0,0,0,0,0,5,4,2,1,1,0,3,2,1,6,10
"411",411,28,3,0,1,0,0,0,0,0,5,4,3,3,1,0,1,1,0,5,11
"412",412,25,4,0,1,0,0,0,0,0,6,5,2,2,1,0,2,0,0,3,13
"413",413,21,1,0,1,0,0,0,0,0,1,0,2,1,1,1,2,1,0,6,10
"414",414,27,2,1,1,0,0,0,0,0,4,3,2,1,1,1,1,0,0,4,7
"415",415,19,3,0,1,0,0,0,0,1,2,1,2,2,1,1,2,1,0,6,11
"416",416,19,4,1,1,0,0,0,0,0,1,0,2,3,1,1,2,0,0,5,10
"417",417,24,1,0,1,0,0,0,0,0,2,1,2,1,1,2,1,0,0,4,11
"418",418,23,2,0,1,0,0,0,0,0,3,2,2,2,1,1,3,1,0,6,11
"419",419,23,3,1,1,0,0,0,0,0,3,2,2,2,1,0,2,0,0,3,9
"420",420,30,4,0,1,0,0,0,0,0,5,4,2,2,2,1,2,0,0,5,13
"421",421,19,1,0,1,0,0,0,0,1,1,0,2,2,1,1,1,0,0,4,9
"422",422,26,2,0,1,0,0,0,0,1,2,1,3,2,1,1,1,0,0,5,9
"423",423,22,3,0,1,0,0,0,0,0,1,0,3,3,1,2,2,0,1,6,12
"424",424,28,4,0,1,0,0,0,0,0,6,5,2,1,1,2,3,2,0,5,11
"425",425,29,1,0,1,0,0,0,0,0,3,2,2,2,1,0,1,1,0,4,10
"426",426,23,2,1,1,0,0,0,0,1,4,3,3,3,1,0,1,2,0,5,10
"427",427,21,3,0,1,0,0,0,0,1,1,0,2,1,1,0,3,0,1,4,10
"428",428,26,4,0,1,0,0,0,0,0,6,6,1,1,1,2,3,0,0,4,12
"429",429,26,1,0,1,0,0,0,0,1,5,4,3,1,1,1,2,1,0,6,10
"430",430,24,2,0,1,0,0,0,0,1,6,5,3,3,0,1,0,2,1,6,10
"431",431,29,3,1,1,0,0,0,0,0,3,2,2,2,1,0,1,1,0,4,10
"432",432,22,4,0,1,0,0,0,0,0,6,5,2,3,1,0,2,0,1,4,8
"433",433,24,1,1,1,0,0,0,0,0,1,0,2,2,1,2,2,1,0,6,10
"434",434,23,2,1,1,0,0,0,0,0,3,2,2,2,1,3,2,2,0,6,10
"435",435,23,3,0,1,0,0,0,0,1,1,0,1,2,2,1,1,1,0,6,11
"436",436,20,4,0,1,0,0,0,0,0,4,3,3,3,1,0,2,0,0,3,8
"437",437,22,1,0,1,0,0,0,0,0,6,5,2,1,1,0,2,2,1,5,9
"438",438,26,2,0,1,0,0,0,0,1,2,1,3,4,0,2,2,1,0,6,11
"439",439,22,3,0,1,0,0,0,0,0,5,4,3,3,1,1,2,1,0,6,8
"440",440,29,4,0,1,0,0,0,0,0,5,4,2,3,1,0,0,1,1,5,11
"441",441,24,1,1,1,0,0,0,0,0,2,1,2,2,1,2,0,0,0,3,8
"442",442,19,2,0,1,0,0,0,0,1,5,4,2,2,1,2,3,1,0,6,11
"443",443,26,3,1,1,0,0,0,0,0,1,0,1,1,2,1,2,1,0,6,12
"444",444,23,4,0,1,0,0,0,0,0,6,5,3,2,1,0,2,1,1,6,12
"445",445,30,1,0,1,0,0,0,0,0,5,4,2,3,0,0,2,0,0,3,10
"446",446,20,2,0,1,0,0,0,0,0,3,2,2,2,1,1,2,0,0,5,9
"447",447,27,3,0,1,0,0,0,0,1,3,2,3,NA,1,1,1,0,0,4,10
"448",448,28,4,0,1,0,0,0,0,0,5,4,3,2,1,2,1,0,0,5,15
"449",449,18,1,1,1,0,0,0,0,1,2,1,2,2,1,1,1,2,0,6,10
"450",450,21,2,0,1,0,0,0,0,1,1,0,3,3,1,1,2,1,0,6,13
"451",451,20,3,0,1,0,0,0,0,0,6,5,2,2,1,0,0,0,0,1,4
"452",452,26,4,0,1,0,0,0,0,0,5,4,3,3,1,2,0,2,1,6,13
"453",453,21,1,1,1,0,0,0,0,0,2,1,2,1,2,1,2,1,0,6,9
"454",454,28,2,0,1,0,0,0,0,1,1,0,2,2,1,0,1,0,0,3,7
"455",455,23,3,0,1,0,0,0,0,0,4,3,2,2,1,1,1,0,0,4,8
"456",456,30,4,0,1,0,0,0,0,0,4,3,3,2,1,0,1,0,2,5,9
"457",457,19,1,1,1,0,0,0,0,1,5,4,1,1,1,0,1,1,1,5,7
"458",458,30,2,0,1,0,0,0,0,0,1,0,3,3,1,2,2,0,1,6,12
"459",459,20,3,0,1,0,0,0,0,0,6,6,2,3,1,0,2,0,1,4,9
"460",460,18,4,0,1,0,0,0,0,0,1,0,4,4,0,1,1,0,1,7,13
"461",461,18,1,0,1,0,0,0,0,0,5,4,4,3,1,2,2,0,0,5,10
"462",462,23,2,0,1,0,0,0,0,0,6,4,2,2,1,1,1,0,0,4,9
"463",463,18,3,0,1,0,0,0,0,0,3,2,3,1,1,0,1,2,1,6,11
"464",464,20,4,1,1,0,0,0,0,1,6,5,2,1,1,1,1,0,0,4,9
"465",465,30,1,0,1,0,0,0,0,0,6,5,2,2,1,1,2,0,0,4,11
"466",466,30,2,0,1,0,0,0,0,0,6,5,2,2,1,1,2,0,0,4,9
"467",467,20,3,0,1,0,0,0,0,0,1,0,2,2,1,2,2,0,0,4,9
"468",468,30,4,1,1,0,0,0,0,1,3,2,NA,2,1,0,0,1,1,4,11
"469",469,22,1,0,1,0,0,0,0,1,5,4,3,2,1,2,2,1,0,6,11
"470",470,24,2,0,1,0,0,0,0,0,4,3,2,0,1,1,2,1,1,7,14
"471",471,21,3,1,1,0,0,0,0,0,3,2,3,2,1,0,1,0,1,5,9
"472",472,21,4,0,1,0,0,0,0,0,2,1,3,2,1,1,0,0,0,3,9
"473",473,21,1,1,1,0,0,0,0,1,5,4,1,2,2,1,1,0,0,4,8
"474",474,21,2,1,1,0,0,0,0,1,1,0,3,4,1,1,2,0,0,5,9
"475",475,29,3,0,1,0,0,0,0,0,4,3,2,2,1,2,2,0,0,4,8
"476",476,21,4,0,1,0,0,0,0,0,4,3,2,1,1,2,2,0,0,4,11
"477",477,23,1,0,1,0,0,0,0,1,5,4,3,4,1,1,2,2,1,8,12
"478",478,22,2,0,1,0,0,0,0,0,6,5,2,2,1,2,3,0,0,4,9
"479",479,29,3,0,1,0,0,0,0,0,6,5,3,NA,1,1,2,2,0,6,11
"480",480,30,4,0,1,0,0,0,0,0,6,5,2,1,1,1,2,1,0,6,12
"481",481,30,1,0,1,0,0,0,0,1,4,3,3,4,1,0,3,0,0,3,11
"482",482,20,2,0,1,0,0,0,0,1,5,4,2,NA,2,0,2,1,0,5,10
"483",483,23,3,0,1,0,0,0,0,0,3,2,2,2,1,2,0,1,0,4,10
"484",484,19,4,0,1,0,0,0,0,0,6,5,3,2,2,1,2,2,1,8,14
"485",485,26,1,1,1,0,0,0,0,0,4,3,2,2,1,0,2,0,1,4,10
"486",486,27,2,0,1,0,0,0,0,0,5,4,4,3,0,1,3,1,0,6,12
"487",487,24,3,0,1,0,0,0,0,0,1,0,2,2,1,2,2,0,0,4,10
"488",488,28,4,0,1,0,0,0,0,0,1,0,3,2,1,0,1,0,0,3,6
"489",489,25,1,0,1,0,0,0,0,0,4,3,2,2,1,1,1,1,0,6,13
"490",490,20,2,1,1,0,0,0,0,1,5,4,3,1,0,1,0,1,0,4,6
"491",491,19,3,0,1,0,0,0,0,0,1,0,2,1,1,0,2,1,0,4,12
"492",492,20,4,1,1,0,0,0,0,0,4,3,2,1,1,0,3,0,0,2,9
"493",493,24,1,0,1,0,0,0,0,0,5,4,2,1,1,1,2,0,1,6,10
"494",494,29,2,1,1,0,0,0,0,1,1,0,3,2,1,1,3,1,0,6,13
"495",495,30,3,1,1,0,0,0,0,0,5,4,3,3,0,1,3,2,0,6,11
"496",496,29,4,0,1,0,0,0,0,0,5,4,2,2,1,0,2,1,0,4,11
"497",497,25,1,0,1,0,0,0,0,0,2,1,2,2,0,0,2,1,1,6,11
"498",498,19,2,0,1,0,0,0,0,0,6,5,3,3,0,1,2,1,1,8,12
"499",499,23,3,1,1,0,0,0,0,0,2,1,2,2,2,0,2,0,0,3,8
"500",500,28,4,1,1,0,0,0,0,0,2,1,3,2,0,2,1,1,1,7,10
"501",501,42,1,0,0,1,0,0,0,0,6,5,2,2,2,0,1,2,0,4,8
"502",502,58,2,0,0,1,0,0,0,0,5,4,3,2,1,0,1,1,1,6,6
"503",503,52,3,0,0,1,0,0,0,0,3,2,3,2,1,2,3,0,0,5,3
"504",504,33,4,0,0,1,0,0,0,1,4,3,2,1,2,1,1,1,0,6,8
"505",505,43,1,0,0,1,0,0,0,0,3,2,3,2,1,3,1,1,0,6,8
"506",506,35,2,0,0,1,0,0,0,0,3,2,2,2,1,1,2,1,0,6,8
"507",507,54,3,0,0,1,0,0,0,0,2,1,2,1,0,2,3,2,0,6,7
"508",508,47,4,0,0,1,0,0,0,0,5,4,2,3,1,0,1,0,0,3,3
"509",509,60,1,1,0,1,0,0,0,0,4,3,3,2,1,2,2,1,0,6,5
"510",510,52,2,0,0,1,0,0,0,0,5,4,2,2,0,2,2,0,0,4,4
"511",511,57,3,1,0,1,0,0,0,0,5,4,2,2,2,0,2,0,0,3,3
"512",512,57,4,0,0,1,0,0,0,0,6,5,2,3,1,2,0,1,0,4,4
"513",513,38,1,0,0,1,0,0,0,0,2,1,2,2,1,1,3,0,1,6,7
"514",514,29,2,0,0,1,0,0,0,0,6,5,2,3,1,0,2,1,1,6,10
"515",515,33,3,0,0,1,0,0,0,1,3,2,3,2,1,0,1,0,1,4,6
"516",516,36,4,1,0,1,0,0,0,0,3,2,3,NA,1,2,2,1,0,6,6
"517",517,52,1,0,0,1,0,0,0,0,6,5,2,1,1,2,1,1,0,5,4
"518",518,50,2,0,0,1,0,0,0,0,2,1,3,2,1,1,2,1,0,6,6
"519",519,49,3,1,0,1,0,0,0,0,3,2,4,2,0,1,2,0,0,5,4
"520",520,54,4,0,0,1,0,0,0,0,2,1,2,1,1,0,2,1,0,4,4
"521",521,41,1,0,0,1,0,0,0,0,5,4,1,1,1,0,1,0,0,2,2
"522",522,56,2,0,0,1,0,0,0,0,2,1,3,2,1,1,2,0,0,5,7
"523",523,47,3,0,0,1,0,0,0,0,4,3,2,2,2,1,0,0,1,4,4
"524",524,35,4,0,0,1,0,0,0,0,1,0,2,2,1,1,1,0,0,4,6
"525",525,60,1,1,0,1,0,0,0,1,5,4,2,3,1,1,2,0,0,5,4
"526",526,45,2,0,0,1,0,0,0,0,6,5,3,2,0,0,1,1,0,4,5
"527",527,32,3,0,0,1,0,0,0,0,5,4,3,3,0,0,1,1,0,5,7
"528",528,60,4,1,0,1,0,0,0,0,4,3,1,1,2,1,2,0,0,4,4
"529",529,57,1,1,0,1,0,0,0,0,2,1,2,2,1,0,2,1,0,4,3
"530",530,40,2,0,0,1,0,0,0,0,2,1,2,2,1,1,3,0,2,6,8
"531",531,37,3,0,0,1,0,0,0,1,2,1,3,2,0,3,3,2,0,6,8
"532",532,40,4,0,0,1,0,0,0,0,6,3,2,3,1,0,2,0,0,3,4
"533",533,50,1,0,0,1,0,0,0,0,3,2,2,1,1,1,2,1,0,5,9
"534",534,46,2,0,0,1,0,0,0,0,2,1,2,2,2,1,2,1,0,6,5
"535",535,44,3,0,0,1,0,0,0,0,2,1,2,1,1,1,3,1,1,7,7
"536",536,40,4,1,0,1,0,0,0,0,1,0,2,2,1,0,2,1,0,4,4
"537",537,52,1,0,0,1,0,0,0,0,3,2,3,2,1,2,2,0,0,4,7
"538",538,44,2,1,0,1,0,0,0,0,1,0,2,2,1,1,2,1,0,6,7
"539",539,38,3,0,0,1,0,0,0,1,6,5,2,3,1,1,3,0,1,6,10
"540",540,56,4,0,0,1,0,0,0,0,2,1,2,2,1,2,1,1,1,7,9
"541",541,57,1,0,0,1,0,0,0,0,6,5,1,1,1,0,3,0,0,2,3
"542",542,48,2,0,0,1,0,0,0,0,3,2,2,2,1,0,1,1,0,4,6
"543",543,41,3,0,0,1,0,0,0,1,6,5,2,3,2,1,2,1,0,6,6
"544",544,43,4,0,0,1,0,0,0,0,5,4,2,2,1,2,3,0,2,6,7
"545",545,39,1,0,0,1,0,0,0,0,4,3,3,3,1,0,1,1,0,5,6
"546",546,59,2,0,0,1,0,0,0,0,1,0,2,2,1,0,1,2,1,6,8
"547",547,52,3,0,0,1,0,0,0,0,5,4,2,2,1,0,2,0,1,4,4
"548",548,31,4,0,0,1,0,0,0,0,3,2,2,2,2,0,2,0,0,3,4
"549",549,48,1,0,0,1,0,0,0,0,1,0,3,3,1,2,1,0,1,6,5
"550",550,37,2,0,0,1,0,0,0,1,4,3,2,3,1,1,1,1,0,6,10
"551",551,49,3,0,0,1,0,0,0,0,4,3,3,3,1,0,2,3,0,5,7
"552",552,43,4,1,0,1,0,0,0,0,2,1,2,2,1,2,2,0,1,6,5
"553",553,26,1,1,0,1,0,0,0,0,1,0,2,1,1,0,2,1,0,4,6
"554",554,59,2,0,0,1,0,0,0,0,2,1,3,3,0,0,2,0,0,3,6
"555",555,48,3,0,0,1,0,0,0,0,2,1,3,1,1,1,1,0,0,4,3
"556",556,58,4,0,0,1,0,0,0,0,5,5,2,3,1,1,3,0,0,4,5
"557",557,45,1,0,0,1,0,0,0,1,2,1,NA,1,1,0,2,0,0,2,2
"558",558,47,2,0,0,1,0,0,0,0,5,4,2,2,1,0,2,1,0,4,3
"559",559,41,3,0,0,1,0,0,0,1,3,2,2,2,1,1,1,0,1,6,5
"560",560,26,4,0,0,1,0,0,0,0,1,0,3,2,0,0,1,0,1,4,8
"561",561,25,1,1,0,1,0,0,0,0,5,4,2,2,1,2,2,1,0,6,11
"562",562,42,2,0,0,1,0,0,0,0,4,3,3,2,1,0,1,1,0,5,5
"563",563,57,3,0,0,1,0,0,0,0,2,1,2,2,1,1,1,0,0,4,4
"564",564,28,4,1,0,1,0,0,0,0,5,4,3,2,1,1,1,0,1,6,9
"565",565,43,1,0,0,1,0,0,0,0,2,1,NA,2,1,1,2,0,0,4,6
"566",566,56,2,0,0,1,0,0,0,0,1,0,2,3,0,0,3,0,0,3,3
"567",567,56,3,0,0,1,0,0,0,0,5,4,2,2,2,1,2,0,1,6,6
"568",568,38,4,0,0,1,0,0,0,0,5,4,2,1,1,1,0,1,0,4,6
"569",569,48,1,0,0,1,0,0,0,0,6,5,2,2,0,1,0,1,0,4,4
"570",570,30,2,1,0,1,0,0,0,1,4,3,3,2,1,2,2,1,0,6,14
"571",571,39,3,1,0,1,0,0,0,1,3,2,2,2,2,2,2,0,1,6,6
"572",572,56,4,0,0,1,0,0,0,0,4,3,3,3,1,0,2,0,1,5,4
"573",573,57,1,0,0,1,0,0,0,0,2,1,1,1,1,1,2,0,0,4,5
"574",574,45,2,0,0,1,0,0,0,0,5,4,3,2,1,2,2,1,0,6,7
"575",575,39,3,0,0,1,0,0,0,0,6,5,2,3,1,2,1,0,0,5,3
"576",576,37,4,0,0,1,0,0,0,0,2,1,3,1,1,1,2,0,0,4,7
"577",577,57,1,0,0,1,0,0,0,0,5,4,2,3,1,2,0,0,0,3,5
"578",578,36,2,1,0,1,0,0,0,0,2,1,2,2,1,1,1,0,0,4,4
"579",579,57,3,0,0,1,0,0,0,0,2,1,2,2,1,0,2,0,0,3,1
"580",580,59,4,1,0,1,0,0,0,0,5,4,2,2,1,2,3,0,0,4,3
"581",581,42,1,1,0,1,0,0,0,0,3,2,2,2,1,1,0,0,0,3,3
"582",582,38,2,0,0,1,0,0,0,0,6,5,3,3,1,1,3,1,0,7,9
"583",583,40,3,1,0,1,0,0,0,1,3,2,2,2,1,0,0,0,0,1,1
"584",584,50,4,0,0,1,0,0,0,0,6,5,2,2,1,1,1,0,1,6,11
"585",585,32,1,0,0,1,0,0,0,0,4,3,NA,2,0,2,0,0,0,2,2
"586",586,39,2,1,0,1,0,0,0,0,3,2,3,2,1,1,3,0,0,5,7
"587",587,39,3,0,0,1,0,0,0,0,1,0,2,1,0,1,2,1,1,7,7
"588",588,29,4,0,0,1,0,0,0,0,1,0,3,NA,1,0,2,2,1,6,13
"589",589,30,1,1,0,1,0,0,0,0,5,4,3,3,1,1,2,0,0,5,10
"590",590,41,2,0,0,1,0,0,0,0,1,0,1,1,1,0,1,0,1,4,3
"591",591,59,3,0,0,1,0,0,0,1,4,3,NA,2,1,0,2,0,1,4,5
"592",592,56,4,0,0,1,0,0,0,1,4,3,3,3,0,1,2,1,0,6,7
"593",593,38,1,0,0,1,0,0,0,0,5,4,2,1,1,0,2,2,0,4,5
"594",594,45,2,0,0,1,0,0,0,0,3,2,2,3,1,1,1,1,1,8,7
"595",595,60,3,1,0,1,0,0,0,0,1,0,2,1,1,1,1,1,0,6,6
"596",596,47,4,0,0,1,0,0,0,0,3,2,2,2,1,2,0,0,0,3,6
"597",597,42,1,0,0,1,0,0,0,0,2,1,2,1,1,2,2,0,0,4,4
"598",598,37,2,0,0,1,0,0,0,0,6,5,3,3,1,1,1,1,1,8,10
"599",599,27,3,1,0,1,0,0,0,0,2,1,2,1,1,0,1,0,1,4,10
"600",600,32,4,0,0,1,0,0,0,0,3,2,2,3,1,0,2,0,1,5,5
"601",601,25,1,0,0,1,0,0,0,0,1,0,2,1,1,1,2,1,0,6,13
"602",602,35,2,0,0,1,0,0,0,0,4,3,2,2,1,0,1,2,0,4,5
"603",603,43,3,0,0,1,0,0,0,0,5,4,3,2,1,2,0,0,1,4,5
"604",604,47,4,1,0,1,0,0,0,0,6,5,2,3,1,1,2,0,1,6,7
"605",605,58,1,0,0,1,0,0,0,0,6,5,2,1,1,1,1,0,0,4,4
"606",606,31,2,0,0,1,0,0,0,0,4,3,3,3,1,1,1,0,1,6,6
"607",607,40,3,0,0,1,0,0,0,0,1,0,3,2,1,1,2,0,0,5,5
"608",608,25,4,0,0,1,0,0,0,0,2,1,2,1,1,1,2,1,1,7,12
"609",609,31,1,0,0,1,0,0,0,0,5,4,2,3,1,1,2,0,0,5,8
"610",610,46,2,0,0,1,0,0,0,0,3,2,2,2,1,2,1,1,0,6,8
"611",611,49,3,0,0,1,0,0,0,0,6,6,2,2,0,2,2,0,0,4,4
"612",612,34,4,1,0,1,0,0,0,1,4,3,2,1,1,1,2,1,0,5,8
"613",613,59,1,0,0,1,0,0,0,0,5,4,2,1,2,2,1,0,0,4,2
"614",614,51,2,0,0,1,0,0,0,0,2,1,3,3,0,0,3,0,0,3,5
"615",615,27,3,0,0,1,0,0,0,0,4,3,2,4,1,3,1,0,0,5,10
"616",616,53,4,0,0,1,0,0,0,0,6,5,1,0,2,2,1,0,0,4,3
"617",617,25,1,0,0,1,0,0,0,1,4,3,3,3,1,0,0,1,0,4,10
"618",618,60,2,0,0,1,0,0,0,0,5,4,1,3,1,1,2,0,2,6,6
"619",619,56,3,0,0,1,0,0,0,0,3,2,2,2,1,1,3,2,1,7,7
"620",620,58,4,1,0,1,0,0,0,0,6,5,3,3,1,1,2,0,0,5,6
"621",621,29,1,0,0,1,0,0,0,0,6,2,3,3,1,1,1,0,0,5,9
"622",622,46,2,0,0,1,0,0,0,0,1,0,2,1,2,1,2,2,0,6,8
"623",623,42,3,1,0,1,0,0,0,0,1,0,3,2,1,1,2,0,1,6,9
"624",624,56,4,0,0,1,0,0,0,0,4,3,3,3,0,1,0,0,0,3,3
"625",625,31,1,1,0,1,0,0,0,0,2,1,2,2,1,1,2,1,0,6,3
"626",626,44,2,1,0,1,0,0,0,0,2,1,1,2,2,2,1,0,0,4,4
"627",627,41,3,1,0,1,0,0,0,0,5,4,2,2,1,2,1,1,0,6,5
"628",628,54,4,0,0,1,0,0,0,0,1,0,2,1,1,0,2,0,0,3,5
"629",629,35,1,0,0,1,0,0,0,1,5,4,3,2,1,1,2,1,1,8,7
"630",630,26,2,0,0,1,0,0,0,1,2,1,2,3,1,1,2,0,0,4,9
"631",631,46,3,1,0,1,0,0,0,0,4,3,2,3,0,1,2,1,0,6,5
"632",632,27,4,0,0,1,0,0,0,0,5,4,3,2,1,1,1,0,1,6,12
"633",633,50,1,0,0,1,0,0,0,0,5,4,3,4,1,1,1,0,0,5,6
"634",634,35,2,0,0,1,0,0,0,0,1,0,2,2,1,1,0,0,1,4,6
"635",635,49,3,0,0,1,0,0,0,0,3,2,2,3,1,0,1,0,0,3,3
"636",636,30,4,0,0,1,0,0,0,0,2,1,2,3,1,0,3,1,0,4,9
"637",637,58,1,0,0,1,0,0,0,0,5,4,2,2,1,0,1,0,0,3,3
"638",638,51,2,1,0,1,0,0,0,0,5,4,3,2,1,0,1,1,0,4,2
"639",639,40,3,1,0,1,0,0,0,0,2,1,4,3,1,1,2,1,0,7,8
"640",640,47,4,0,0,1,0,0,0,1,5,5,3,3,1,1,3,1,0,6,6
"641",641,50,1,1,0,1,0,0,0,0,5,4,2,1,1,0,2,2,0,4,3
"642",642,55,2,1,0,1,0,0,0,0,6,5,3,2,0,1,0,2,0,4,3
"643",643,25,3,0,0,1,0,0,0,0,2,1,3,3,0,0,2,1,2,6,10
"644",644,40,4,1,0,1,0,0,0,0,1,0,3,1,0,1,2,0,0,4,8
"645",645,31,1,0,0,1,0,0,0,0,1,0,3,3,1,2,0,0,2,5,4
"646",646,45,2,0,0,1,0,0,0,0,3,2,3,2,1,2,1,1,0,6,7
"647",647,49,3,0,0,1,0,0,0,0,4,3,2,2,1,1,0,0,0,3,3
"648",648,60,4,0,0,1,0,0,0,0,3,2,3,3,1,1,1,0,0,5,6
"649",649,52,1,0,0,1,0,0,0,0,5,4,2,2,1,1,2,1,1,7,8
"650",650,37,2,0,0,1,0,0,0,1,4,3,2,2,1,2,1,0,0,4,6
"651",651,31,3,0,0,1,0,0,0,0,6,4,2,2,1,0,0,0,1,3,5
"652",652,40,4,0,0,1,0,0,0,0,1,0,2,1,1,0,1,0,0,2,2
"653",653,33,1,1,0,1,0,0,0,0,6,5,1,1,1,1,1,0,1,5,6
"654",654,51,2,0,0,1,0,0,0,0,5,4,2,2,2,0,2,0,0,3,5
"655",655,60,3,0,0,1,0,0,0,0,4,3,2,2,1,0,0,0,0,1,0
"656",656,53,4,0,0,1,0,0,0,0,3,2,2,2,2,3,3,1,0,6,5
"657",657,56,1,0,0,1,0,0,0,0,6,5,2,2,0,0,0,1,0,3,6
"658",658,29,2,0,0,1,0,0,0,0,6,5,3,2,0,3,1,0,1,6,11
"659",659,43,3,0,0,1,0,0,0,0,2,1,2,2,1,2,3,1,0,6,9
"660",660,43,4,0,0,1,0,0,0,0,6,5,3,1,0,2,2,1,0,6,7
"661",661,55,1,0,0,1,0,0,0,0,4,3,4,2,1,0,1,0,0,3,3
"662",662,27,2,0,0,1,0,0,0,0,4,3,2,2,2,2,2,0,0,4,11
"663",663,50,3,0,0,1,0,0,0,0,6,5,2,2,1,0,3,1,0,4,4
"664",664,50,4,0,0,1,0,0,0,0,3,2,1,1,1,0,3,0,0,2,2
"665",665,35,1,0,0,1,0,0,0,0,3,2,3,3,2,2,0,1,1,6,7
"666",666,48,2,0,0,1,0,0,0,1,3,2,3,2,1,0,2,0,0,3,4
"667",667,36,3,0,0,1,0,0,0,0,4,3,2,3,1,1,1,0,0,5,7
"668",668,43,4,0,0,1,0,0,0,0,6,5,2,2,1,0,2,0,1,4,6
"669",669,48,1,1,0,1,0,0,0,1,4,3,2,3,1,2,2,1,0,6,5
"670",670,43,2,1,0,1,0,0,0,0,3,2,2,1,1,0,2,0,0,3,5
"671",671,30,3,0,0,1,0,0,0,0,4,3,2,2,1,0,1,1,0,4,10
"672",672,47,4,0,0,1,0,0,0,0,5,4,2,2,1,1,2,0,0,4,6
"673",673,28,1,1,0,1,0,0,0,0,3,2,NA,3,1,3,0,0,0,3,8
"674",674,46,2,0,0,1,0,0,0,0,3,2,3,2,2,1,1,1,0,6,10
"675",675,59,3,0,0,1,0,0,0,0,1,0,2,2,1,0,0,1,0,3,5
"676",676,44,4,0,0,1,0,0,0,1,5,4,2,3,1,0,2,1,0,5,4
"677",677,52,1,0,0,1,0,0,0,0,1,0,2,2,1,1,2,1,1,7,7
"678",678,45,2,1,0,1,0,0,0,1,1,0,NA,2,1,3,2,0,0,4,5
"679",679,33,3,0,0,1,0,0,0,0,5,4,2,1,1,1,3,1,2,7,5
"680",680,52,4,0,0,1,0,0,0,0,3,2,2,2,1,1,2,0,0,4,3
"681",681,54,1,0,0,1,0,0,0,0,1,0,2,2,1,0,0,1,0,3,2
"682",682,43,2,0,0,1,0,0,0,0,4,3,3,2,1,1,2,0,0,5,6
"683",683,34,3,1,0,1,0,0,0,0,4,3,1,0,2,0,0,0,0,1,0
"684",684,42,4,0,0,1,0,0,0,0,2,1,2,3,1,3,2,1,0,6,7
"685",685,25,1,1,0,1,0,0,0,1,1,0,1,0,2,1,1,0,0,4,8
"686",686,58,2,0,0,1,0,0,0,1,6,5,2,2,1,1,2,0,1,6,6
"687",687,52,3,0,0,1,0,0,0,0,5,4,3,2,0,3,1,0,1,6,7
"688",688,46,4,0,0,1,0,0,0,0,1,0,2,2,1,0,2,0,0,3,5
"689",689,55,1,0,0,1,0,0,0,0,4,3,2,2,1,1,1,0,0,4,5
"690",690,59,2,0,0,1,0,0,0,1,2,1,3,2,1,0,1,2,2,6,5
"691",691,47,3,0,0,1,0,0,0,0,2,1,2,2,1,1,1,1,1,7,6
"692",692,57,4,1,0,1,0,0,0,0,2,1,2,2,1,1,0,0,0,3,3
"693",693,44,1,0,0,1,0,0,0,0,4,3,3,2,1,0,2,1,0,4,4
"694",694,55,2,1,0,1,0,0,0,0,6,5,2,2,1,1,2,2,0,6,8
"695",695,41,3,0,0,1,0,0,0,0,2,1,3,3,1,0,2,1,0,5,8
"696",696,35,4,0,0,1,0,0,0,0,5,4,2,1,1,0,3,1,1,5,6
"697",697,30,1,0,0,1,0,0,0,0,2,1,3,1,1,0,1,0,0,3,11
"698",698,50,2,1,0,1,0,0,0,0,5,4,2,2,1,0,2,0,0,3,1
"699",699,40,3,0,0,1,0,0,0,0,6,5,2,2,1,2,2,0,0,4,7
"700",700,46,4,0,0,1,0,0,0,0,1,0,3,3,1,0,2,1,0,5,7
"701",701,31,1,0,0,1,0,0,0,0,6,5,2,2,1,1,3,1,0,6,8
"702",702,58,2,0,0,1,0,0,0,0,6,6,2,1,2,1,2,2,1,7,9
"703",703,56,3,0,0,1,0,0,0,0,4,3,2,2,1,0,2,0,0,3,1
"704",704,40,4,0,0,1,0,0,0,0,6,5,2,2,1,1,0,0,2,4,6
"705",705,60,1,0,0,1,0,0,0,0,5,4,1,2,2,2,0,0,1,4,2
"706",706,40,2,0,0,1,0,0,0,0,4,3,2,2,1,1,1,0,0,4,9
"707",707,58,3,0,0,1,0,0,0,0,3,2,NA,2,1,0,1,0,0,2,1
"708",708,47,4,1,0,1,0,0,0,0,1,0,2,1,1,2,2,1,0,6,7
"709",709,32,1,1,0,1,0,0,0,0,6,5,3,3,1,0,0,1,0,3,5
"710",710,49,2,0,0,1,0,0,0,0,5,4,2,2,1,1,1,1,0,6,7
"711",711,47,3,1,0,1,0,0,0,0,3,2,3,3,1,0,2,0,0,3,3
"712",712,55,4,0,0,1,0,0,0,0,5,4,3,3,1,1,0,1,0,5,5
"713",713,44,1,1,0,1,0,0,0,0,4,3,3,2,1,0,2,0,0,3,6
"714",714,47,2,0,0,1,0,0,0,0,1,0,2,2,1,1,2,1,0,6,8
"715",715,38,3,0,0,1,0,0,0,1,5,4,2,2,1,2,3,1,0,6,11
"716",716,42,4,0,0,1,0,0,0,0,5,4,4,3,0,2,0,0,0,3,3
"717",717,35,1,0,0,1,0,0,0,0,2,1,2,2,1,2,3,0,0,4,4
"718",718,44,2,1,0,1,0,0,0,0,6,5,2,2,1,0,2,0,1,4,4
"719",719,48,3,0,0,1,0,0,0,0,6,5,2,2,1,0,1,0,0,2,2
"720",720,47,4,0,0,1,0,0,0,1,5,4,2,1,2,1,2,0,0,4,5
"721",721,54,1,1,0,1,0,0,0,0,6,5,2,1,1,1,1,0,2,6,8
"722",722,45,2,1,0,1,0,0,0,1,5,4,2,2,1,0,1,0,1,4,4
"723",723,30,3,1,0,1,0,0,0,1,5,4,3,3,1,0,0,0,0,2,8
"724",724,37,4,1,0,1,0,0,0,0,5,4,2,1,1,1,2,1,0,5,6
"725",725,52,1,0,0,1,0,0,0,1,2,1,2,3,1,0,0,0,0,2,4
"726",726,53,2,0,0,1,0,0,0,0,3,2,2,3,2,0,2,0,0,3,5
"727",727,29,3,0,0,1,0,0,0,0,1,0,3,2,1,1,2,1,0,6,13
"728",728,43,4,0,0,1,0,0,0,0,6,5,2,2,1,1,1,0,0,4,7
"729",729,44,1,0,0,1,0,0,0,0,4,3,2,2,2,1,1,0,1,6,7
"730",730,37,2,0,0,1,0,0,0,0,4,3,2,2,1,0,1,1,1,6,8
"731",731,51,3,0,0,1,0,0,0,1,3,2,2,2,2,2,1,1,1,8,10
"732",732,45,4,0,0,1,0,0,0,0,3,2,3,3,1,1,3,1,0,6,10
"733",733,43,1,1,0,1,0,0,0,0,3,2,2,2,1,0,1,1,0,4,4
"734",734,51,2,0,0,1,0,0,0,0,4,3,2,1,1,1,1,0,1,5,5
"735",735,56,3,0,0,1,0,0,0,0,5,4,3,2,0,2,1,0,0,4,5
"736",736,42,4,1,0,1,0,0,0,0,6,5,2,2,1,1,1,1,0,6,7
"737",737,43,1,0,0,1,0,0,0,0,2,1,3,2,1,2,0,0,1,4,5
"738",738,58,2,0,0,1,0,0,0,0,2,1,2,2,1,2,1,2,0,6,5
"739",739,53,3,1,0,1,0,0,0,0,2,1,3,3,0,2,2,0,0,5,8
"740",740,30,4,0,0,1,0,0,0,0,6,5,3,3,1,0,3,0,0,4,10
"741",741,32,1,0,0,1,0,0,0,1,4,3,3,3,1,0,1,0,1,5,5
"742",742,41,2,0,0,1,0,0,0,0,6,5,2,2,1,0,1,1,0,5,5
"743",743,25,3,0,0,1,0,0,0,0,5,4,2,1,1,2,2,0,0,4,8
"744",744,39,4,0,0,1,0,0,0,0,6,5,3,3,1,1,0,0,1,5,4
"745",745,53,1,1,0,1,0,0,0,0,4,3,2,2,1,1,1,0,0,4,3
"746",746,36,2,1,0,1,0,0,0,0,1,0,2,2,1,1,2,0,1,6,5
"747",747,46,3,0,0,1,0,0,0,0,2,1,3,3,1,1,0,1,0,5,8
"748",748,30,4,1,0,1,0,0,0,0,4,3,2,0,1,0,3,0,0,2,8
"749",749,32,1,0,0,1,0,0,0,0,5,4,2,3,2,0,3,1,0,5,6
"750",750,47,2,0,0,1,0,0,0,0,6,5,2,3,1,2,1,1,0,6,5
"751",751,55,3,0,0,1,0,0,0,0,14,7,3,2,1,0,2,1,1,6,6
"752",752,57,4,0,0,1,0,0,0,0,18,11,2,2,1,2,2,0,0,4,3
"753",753,44,1,1,0,1,0,0,0,0,11,10,1,1,2,1,1,0,0,4,7
"754",754,26,2,0,0,1,0,0,0,1,22,12,2,3,1,1,2,1,0,6,14
"755",755,35,3,1,0,1,0,0,0,0,14,10,2,2,1,1,3,0,1,6,4
"756",756,38,4,1,0,1,0,0,0,0,30,8,2,1,1,1,0,1,0,4,4
"757",757,29,1,0,0,1,0,0,0,0,8,7,2,NA,1,2,1,0,0,4,9
"758",758,40,2,1,0,1,0,0,0,1,20,12,2,1,1,1,2,2,0,6,5
"759",759,48,3,0,0,1,0,0,0,1,22,10,3,3,1,1,3,1,0,6,8
"760",760,55,4,1,0,1,0,0,0,0,23,14,2,2,1,1,1,1,1,7,3
"761",761,55,1,0,0,1,0,0,0,0,17,13,2,2,2,0,0,1,0,3,3
"762",762,34,2,0,0,1,0,0,0,0,10,9,2,3,1,1,3,0,1,6,9
"763",763,45,3,1,0,1,0,0,0,0,30,12,2,3,1,1,2,1,0,6,6
"764",764,42,4,1,0,1,0,0,0,0,13,12,2,0,2,1,0,1,0,4,4
"765",765,57,1,0,0,1,0,0,0,0,27,11,2,1,1,1,1,0,1,6,4
"766",766,25,2,1,0,1,0,0,0,0,22,13,2,1,1,0,2,2,0,4,9
"767",767,55,3,0,0,1,0,0,0,0,16,16,2,2,1,0,3,0,0,3,4
"768",768,41,4,0,0,1,0,0,0,0,22,9,3,3,1,1,1,0,0,5,6
"769",769,32,1,0,0,1,0,0,0,0,21,7,2,2,1,0,1,0,0,3,5
"770",770,49,2,0,0,1,0,0,0,0,14,13,3,2,0,1,1,2,0,6,6
"771",771,26,3,0,0,1,0,0,0,0,12,9,2,2,1,3,2,0,1,6,11
"772",772,42,4,0,0,1,0,0,0,0,18,16,3,3,1,0,2,0,0,3,5
"773",773,47,1,0,0,1,0,0,0,0,17,8,3,3,1,1,2,1,0,6,7
"774",774,35,2,0,0,1,0,0,0,0,16,12,1,0,2,0,2,2,1,5,5
"775",775,56,3,0,0,1,0,0,0,0,10,5,2,2,1,1,1,0,0,4,6
"776",776,37,4,0,0,0,1,0,0,0,28,14,1,2,1,1,1,1,0,6,7
"777",777,43,1,0,0,0,1,0,0,0,27,13,2,3,1,2,0,1,1,6,8
"778",778,30,2,0,0,0,1,0,0,0,25,7,2,1,1,2,0,1,0,4,9
"779",779,53,3,0,0,0,1,0,0,0,18,6,3,2,1,0,1,0,1,4,5
"780",780,49,4,0,0,0,1,0,0,0,20,5,2,2,2,2,2,0,0,5,5
"781",781,43,1,0,0,0,1,0,0,0,16,13,3,2,1,1,1,0,1,6,10
"782",782,60,2,0,0,0,1,0,0,0,24,11,1,1,1,1,2,1,0,5,2
"783",783,35,3,0,0,0,1,0,0,0,15,5,2,2,1,0,1,1,0,5,9
"784",784,54,4,0,0,0,1,0,0,1,23,11,3,3,1,1,0,0,0,3,4
"785",785,34,1,0,0,0,1,0,0,1,7,6,2,1,2,2,2,1,1,7,10
"786",786,32,2,0,0,0,1,0,0,1,30,8,2,3,1,1,3,2,0,6,6
"787",787,51,3,0,0,0,1,0,0,0,13,8,2,3,1,0,1,1,1,6,8
"788",788,31,4,0,0,0,1,0,0,0,9,8,3,4,1,1,2,0,0,5,4
"789",789,58,1,0,0,0,1,0,0,0,9,8,2,2,1,1,2,1,1,7,6
"790",790,52,2,0,0,0,1,0,0,0,25,10,2,2,1,2,1,0,0,4,2
"791",791,25,3,0,0,0,1,0,0,0,28,9,2,2,1,2,2,0,0,4,10
"792",792,51,4,0,0,0,1,0,0,1,14,10,2,3,1,1,1,0,0,5,2
"793",793,38,1,0,0,0,1,0,0,1,25,8,2,2,1,1,1,0,1,6,5
"794",794,57,2,0,0,0,1,0,0,0,22,12,2,3,1,1,2,1,0,6,7
"795",795,32,3,1,0,0,1,0,0,0,12,9,2,1,1,2,3,0,0,4,7
"796",796,50,4,0,0,0,1,0,0,0,11,11,2,2,1,1,1,2,0,6,7
"797",797,36,1,0,0,0,1,0,0,0,18,9,2,1,1,0,0,0,0,1,1
"798",798,25,2,0,0,0,1,0,0,0,17,12,2,2,1,0,2,1,1,6,12
"799",799,40,3,0,0,0,1,0,0,0,10,9,2,2,1,1,1,0,1,6,4
"800",800,35,4,1,0,0,1,0,0,0,20,4,2,2,1,0,2,1,0,4,6
"801",801,51,1,1,0,0,1,0,0,0,13,7,2,1,1,2,2,0,0,4,4
"802",802,27,2,1,0,0,1,0,0,0,12,11,3,3,1,1,2,0,0,5,9
"803",803,27,3,0,0,0,1,0,0,0,10,9,3,2,1,0,1,0,0,3,10
"804",804,47,4,0,0,0,1,0,0,0,29,12,1,2,2,0,2,0,0,3,4
"805",805,33,1,0,0,0,1,0,0,0,27,9,3,2,1,0,1,0,0,3,5
"806",806,49,2,0,0,0,1,0,0,0,8,7,3,2,0,2,1,0,0,4,6
"807",807,27,3,1,0,0,1,0,0,0,19,10,2,2,1,3,2,0,1,6,11
"808",808,59,4,1,0,0,1,0,0,0,19,12,3,2,0,1,2,0,0,4,3
"809",809,40,1,0,0,0,1,0,0,0,17,16,1,2,2,0,1,1,0,4,6
"810",810,53,2,0,0,0,1,0,0,1,30,6,2,2,1,0,2,1,1,6,6
"811",811,32,3,0,0,0,1,0,0,0,10,9,2,3,1,1,2,1,0,6,7
"812",812,52,4,0,0,0,1,0,0,0,23,14,3,2,0,2,2,0,0,4,7
"813",813,28,1,0,0,0,1,0,0,0,26,14,1,1,1,2,2,2,0,5,11
"814",814,40,2,0,0,0,1,0,0,0,18,8,2,2,1,0,1,1,0,4,5
"815",815,46,3,1,0,0,1,0,0,0,26,8,1,1,1,0,1,0,0,2,3
"816",816,56,4,1,0,0,1,0,0,0,8,7,3,3,1,2,0,0,0,3,3
"817",817,46,1,0,0,0,1,0,0,0,17,11,1,2,1,1,1,1,0,6,8
"818",818,60,2,0,0,0,1,0,0,0,18,6,1,2,2,1,2,0,0,4,4
"819",819,28,3,1,0,0,1,0,0,0,13,11,3,2,0,2,0,0,0,3,8
"820",820,29,4,0,0,0,1,0,0,0,29,13,3,2,1,1,0,0,0,3,9
"821",821,39,1,0,0,0,1,0,0,0,10,9,1,2,2,0,1,1,0,4,5
"822",822,26,2,0,0,0,1,0,0,0,19,6,2,2,1,2,1,0,0,4,10
"823",823,38,3,0,0,0,1,0,0,0,10,9,2,2,1,1,2,1,0,6,9
"824",824,30,4,0,0,0,1,0,0,1,16,14,2,2,1,0,1,0,1,5,10
"825",825,56,1,0,0,0,1,0,0,0,21,14,2,2,1,0,2,1,0,4,6
"826",826,27,2,0,0,0,1,0,0,0,30,10,2,0,1,0,0,0,0,1,10
"827",827,33,3,0,0,0,1,0,0,0,13,5,2,2,1,2,2,0,0,4,5
"828",828,37,4,0,0,0,1,0,0,0,9,7,3,4,1,2,1,2,0,7,11
"829",829,49,1,0,0,0,1,0,0,1,20,11,2,1,1,1,1,1,0,5,7
"830",830,39,2,0,0,0,1,0,0,0,26,3,2,1,1,2,1,1,0,6,7
"831",831,31,3,0,0,0,1,0,0,0,7,6,1,1,2,3,2,2,1,7,10
"832",832,34,4,1,0,0,1,0,0,0,21,9,3,2,1,3,3,0,0,5,1
"833",833,58,1,0,0,0,1,0,0,0,28,7,3,3,1,2,2,0,0,5,6
"834",834,52,2,0,0,0,1,0,0,0,29,8,3,1,1,1,2,1,0,6,7
"835",835,55,3,0,0,0,1,0,0,0,13,13,3,2,1,1,2,0,1,6,5
"836",836,51,4,0,0,0,1,0,0,0,24,8,2,2,1,2,1,0,0,4,7
"837",837,52,1,1,0,0,1,0,0,0,21,6,2,3,1,0,1,1,0,4,7
"838",838,47,2,0,0,0,1,0,0,0,9,9,4,4,0,0,0,0,0,2,3
"839",839,53,3,0,0,0,1,0,0,0,27,16,2,2,1,1,0,1,0,4,5
"840",840,58,4,0,0,0,1,0,0,0,29,9,3,2,1,1,0,0,1,4,2
"841",841,45,1,0,0,0,1,0,0,0,8,7,2,1,1,0,2,1,0,4,3
"842",842,49,2,1,0,0,1,0,0,0,10,9,2,1,0,2,1,0,0,4,4
"843",843,53,3,1,0,0,1,0,0,1,8,7,2,2,1,0,2,2,0,5,4
"844",844,49,4,0,0,0,1,0,0,0,29,9,3,3,1,0,2,0,0,3,5
"845",845,25,1,0,0,0,1,0,0,0,28,14,3,2,0,0,3,0,1,4,10
"846",846,32,2,1,0,0,1,0,0,1,13,12,3,3,1,1,2,1,0,6,9
"847",847,33,3,0,0,0,1,0,0,0,21,9,2,2,1,2,2,0,0,4,6
"848",848,45,4,0,0,0,1,0,0,0,8,7,3,1,2,2,2,0,0,5,5
"849",849,27,1,0,0,0,1,0,0,0,26,10,3,3,1,1,2,0,0,5,12
"850",850,44,2,0,0,0,1,0,0,0,19,14,2,3,1,1,0,2,0,4,6
"851",851,51,3,0,0,0,1,0,0,0,16,5,2,1,1,1,0,0,0,3,4
"852",852,37,4,0,0,0,1,0,0,0,8,6,1,1,1,0,1,1,0,4,5
"853",853,47,1,0,0,0,1,0,0,0,20,9,2,2,1,1,2,0,0,5,6
"854",854,51,2,0,0,0,1,0,0,0,29,11,2,2,1,1,2,0,1,6,8
"855",855,32,3,0,0,0,1,0,0,0,28,7,3,4,1,1,1,1,0,7,9
"856",856,49,4,0,0,0,1,0,0,0,14,6,2,1,1,1,0,1,0,4,5
"857",857,60,1,1,0,0,1,0,0,0,13,8,2,2,1,1,1,0,1,6,6
"858",858,33,2,0,0,0,1,0,0,1,24,9,2,2,1,1,0,2,0,4,3
"859",859,27,3,0,0,0,1,0,0,0,19,13,1,2,1,0,0,1,1,4,8
"860",860,49,4,0,0,0,1,0,0,0,20,8,2,2,1,0,1,0,1,4,6
"861",861,51,1,0,0,0,1,0,0,0,25,8,3,3,0,2,1,1,0,6,6
"862",862,47,2,0,0,0,1,0,0,0,7,3,3,2,1,1,2,0,0,5,4
"863",863,50,3,0,0,0,1,0,0,0,22,11,3,2,1,2,0,1,1,6,5
"864",864,46,4,0,0,0,1,0,0,0,14,11,3,2,1,0,2,0,0,3,6
"865",865,59,1,0,0,0,1,0,0,0,22,12,2,1,1,1,3,1,0,5,8
"866",866,58,2,0,0,0,1,0,0,0,25,11,2,3,1,0,3,1,1,6,5
"867",867,34,3,0,0,0,1,0,0,1,28,12,2,1,1,0,2,0,2,4,7
"868",868,28,4,1,0,0,1,0,0,0,25,5,2,2,1,1,0,0,0,3,9
"869",869,40,1,0,0,0,1,0,0,1,7,6,2,1,1,0,3,0,0,3,4
"870",870,49,2,0,0,0,1,0,0,0,7,6,NA,2,1,2,2,2,0,6,8
"871",871,27,3,0,0,0,1,0,0,0,18,12,2,3,1,0,2,0,0,3,9
"872",872,43,4,0,0,0,1,0,0,1,23,9,1,1,1,1,2,0,0,4,2
"873",873,52,1,0,0,0,1,0,0,0,30,10,NA,2,1,0,0,0,0,1,1
"874",874,39,2,1,0,0,1,0,0,0,9,4,2,2,1,1,3,1,1,7,8
"875",875,40,3,0,0,0,1,0,0,1,18,13,3,2,1,2,2,1,1,8,12
"876",876,67,4,0,0,0,1,0,0,0,23,11,NA,3,0,1,2,2,1,7,5
"877",877,68,1,0,0,0,1,0,0,0,13,9,2,1,1,2,2,1,1,7,6
"878",878,68,2,1,0,0,1,0,0,0,7,7,3,2,1,1,1,1,1,7,7
"879",879,73,3,0,0,0,1,0,0,0,16,8,2,2,2,1,2,0,0,4,6
"880",880,66,4,0,0,0,1,0,0,0,27,7,3,3,1,2,1,2,0,6,4
"881",881,69,1,0,0,0,1,0,0,0,20,8,2,2,1,0,2,1,0,4,4
"882",882,69,2,0,0,0,1,0,0,0,7,6,3,2,1,1,2,0,0,5,5
"883",883,79,3,0,0,0,1,0,0,0,18,12,2,1,1,1,1,0,0,4,3
"884",884,74,4,1,0,0,1,0,0,0,10,9,2,2,1,2,0,0,0,3,3
"885",885,67,1,0,0,0,1,0,0,0,24,15,3,2,0,0,3,0,0,3,2
"886",886,62,2,0,0,0,1,0,0,0,13,10,3,2,0,1,1,1,0,6,6
"887",887,67,3,0,0,0,1,0,0,0,28,8,3,2,1,2,2,3,0,6,5
"888",888,74,4,0,0,0,1,0,0,0,15,9,2,2,1,0,3,0,0,3,3
"889",889,69,1,0,0,0,1,0,0,0,12,10,2,2,1,1,2,0,0,4,4
"890",890,70,2,0,0,0,1,0,0,1,16,11,3,3,1,1,0,1,0,4,2
"891",891,77,3,0,0,0,1,0,0,0,27,7,2,3,1,1,0,1,1,6,5
"892",892,67,4,0,0,0,1,0,0,0,23,8,NA,1,0,0,1,0,1,4,4
"893",893,67,1,1,0,0,1,0,0,0,29,6,2,3,1,1,2,0,1,6,2
"894",894,60,2,0,0,0,1,0,0,0,25,8,NA,1,1,2,2,0,0,4,5
"895",895,71,3,1,0,0,1,0,0,0,16,8,3,3,1,1,0,0,1,5,3
"896",896,64,4,0,0,0,1,0,0,0,29,5,4,3,1,1,1,0,1,6,1
"897",897,65,1,0,0,0,1,0,0,0,19,12,2,3,1,2,2,0,0,5,3
"898",898,71,2,0,0,0,1,0,0,0,26,8,1,3,1,1,2,0,1,6,6
"899",899,60,3,0,0,0,1,0,0,0,10,9,2,2,1,1,2,1,0,6,7
"900",900,62,4,0,0,0,1,0,0,0,15,5,2,1,1,1,2,0,0,4,6
"901",901,80,1,0,0,0,1,0,0,0,10,9,2,2,1,2,2,0,0,4,3
"902",902,60,2,0,0,0,1,0,0,0,28,10,1,0,2,1,2,0,0,4,3
"903",903,70,3,0,0,0,1,0,0,0,7,6,2,2,2,1,2,1,0,6,4
"904",904,65,4,0,0,0,1,0,0,0,10,8,2,1,1,1,1,1,1,7,4
"905",905,73,1,0,0,0,1,0,0,0,28,7,2,1,1,0,2,0,1,4,6
"906",906,75,2,0,0,0,1,0,0,0,11,10,3,1,1,0,2,1,0,4,3
"907",907,69,3,0,0,0,1,0,0,0,8,7,3,2,0,1,2,1,0,5,5
"908",908,75,4,1,0,0,1,0,0,0,22,12,1,1,2,3,2,1,1,7,5
"909",909,66,1,0,0,0,1,0,0,0,11,8,2,1,1,1,1,1,1,7,5
"910",910,73,2,0,0,0,1,0,0,0,27,8,3,2,0,1,3,1,1,7,8
"911",911,68,3,0,0,0,1,0,0,0,28,6,2,2,1,1,2,1,0,6,6
"912",912,77,4,0,0,0,1,0,0,0,12,11,2,2,1,0,1,0,0,3,2
"913",913,75,1,0,0,0,1,0,0,0,17,10,3,3,1,2,3,1,1,8,7
"914",914,77,2,0,0,0,1,0,0,0,26,8,2,1,1,2,0,1,0,4,2
"915",915,66,3,0,0,0,1,0,0,1,23,13,NA,2,1,0,0,1,0,3,1
"916",916,77,4,0,0,0,1,0,0,0,18,11,3,3,1,1,2,0,0,5,3
"917",917,79,1,0,0,0,1,0,0,1,11,8,NA,1,2,2,3,1,0,6,5
"918",918,74,2,0,0,0,1,0,0,0,30,7,2,2,1,0,2,1,0,5,7
"919",919,70,3,0,0,0,1,0,0,0,24,13,2,3,1,2,1,0,0,4,5
"920",920,73,4,0,0,0,1,0,0,0,12,11,2,2,1,1,1,1,0,6,4
"921",921,68,1,0,0,0,1,0,0,0,8,7,2,1,1,2,1,1,1,7,8
"922",922,72,2,1,0,0,1,0,0,0,24,11,3,NA,1,0,2,0,0,3,1
"923",923,66,3,0,0,0,1,0,0,0,11,8,2,1,1,0,1,2,0,4,4
"924",924,66,4,1,0,0,1,0,0,0,20,17,3,1,1,0,3,0,0,3,4
"925",925,73,1,0,0,0,1,0,0,0,9,9,3,2,1,0,2,0,0,3,0
"926",926,68,2,0,0,0,0,1,0,0,11,10,2,2,0,0,3,0,0,3,3
"927",927,60,3,0,0,0,0,1,0,1,20,10,2,1,1,1,2,0,0,4,5
"928",928,62,4,0,0,0,0,1,0,0,20,12,2,2,1,1,1,0,0,4,4
"929",929,66,1,0,0,0,0,1,0,0,26,9,2,2,1,1,0,0,0,3,4
"930",930,80,2,1,0,0,0,1,0,0,14,11,2,2,1,1,2,0,1,6,2
"931",931,60,3,1,0,0,0,1,0,0,30,11,3,3,1,0,1,1,0,5,4
"932",932,69,4,0,0,0,0,1,0,0,20,9,4,2,0,2,0,0,1,5,8
"933",933,74,1,0,0,0,0,1,0,0,26,14,3,2,0,1,2,2,0,5,3
"934",934,64,2,1,0,0,0,1,0,0,20,8,2,3,1,1,0,0,0,3,1
"935",935,79,3,0,0,0,0,1,0,0,24,13,2,1,1,1,2,1,0,6,4
"936",936,71,4,0,0,0,0,1,0,0,27,8,2,2,1,1,1,1,0,6,6
"937",937,77,1,0,0,0,0,1,0,1,28,13,3,3,1,1,1,1,0,6,5
"938",938,63,2,0,0,0,0,1,0,0,9,8,3,3,1,0,2,1,1,6,8
"939",939,65,3,0,0,0,0,1,0,0,22,10,3,3,0,2,0,2,1,6,7
"940",940,69,4,1,0,0,0,1,0,0,29,10,3,2,1,2,2,1,0,6,5
"941",941,76,1,0,0,0,0,1,0,0,14,12,3,2,0,1,1,2,0,6,7
"942",942,66,2,0,0,0,0,1,0,0,17,13,2,2,1,1,1,1,3,7,6
"943",943,67,3,1,0,0,0,1,0,0,10,6,1,2,2,0,2,0,0,3,4
"944",944,66,4,0,0,0,0,1,0,1,29,12,3,2,1,1,2,2,0,6,6
"945",945,77,1,0,0,0,0,1,0,0,28,6,1,2,2,1,1,0,1,6,7
"946",946,64,2,0,0,0,0,1,0,0,13,12,3,1,0,1,2,0,0,4,2
"947",947,63,3,1,0,0,0,1,0,1,15,12,3,2,1,0,3,1,1,6,3
"948",948,65,4,0,0,0,0,1,0,0,14,12,2,1,1,1,3,2,1,7,6
"949",949,75,1,0,0,0,0,1,0,0,22,10,NA,3,1,1,2,2,0,6,7
"950",950,62,2,0,0,0,0,1,0,0,24,10,2,1,1,1,0,1,1,6,9
"951",951,68,3,1,0,0,0,1,0,0,25,7,2,3,1,2,1,0,0,4,4
"952",952,62,4,0,0,0,0,1,0,0,28,11,2,2,1,0,2,1,1,6,10
"953",953,71,1,0,0,0,0,1,0,0,28,10,2,1,2,0,2,1,0,4,3
"954",954,75,2,1,0,0,0,1,0,0,7,6,3,2,1,1,2,0,0,5,0
"955",955,79,3,1,0,0,0,1,0,0,7,6,NA,3,1,2,2,2,0,6,6
"956",956,72,4,0,0,0,0,1,0,0,13,12,2,1,1,1,2,1,0,5,6
"957",957,66,1,0,0,0,0,1,0,0,27,8,3,3,0,0,3,1,0,4,6
"958",958,71,2,0,0,0,0,1,0,0,26,18,2,3,1,0,0,1,0,3,2
"959",959,78,3,1,0,0,0,1,0,0,24,19,3,3,1,0,0,1,1,5,3
"960",960,69,4,0,0,0,0,1,0,0,29,8,3,2,1,2,1,1,0,6,4
"961",961,74,1,1,0,0,0,1,0,0,14,9,2,1,0,2,2,0,1,5,1
"962",962,60,2,0,0,0,0,1,0,0,17,10,2,1,1,1,2,1,0,5,7
"963",963,66,3,0,0,0,0,1,0,1,20,10,2,3,0,1,1,0,0,4,5
"964",964,76,4,0,0,0,0,1,0,0,9,8,NA,1,1,0,1,1,0,4,3
"965",965,78,1,0,0,0,0,1,0,0,16,11,NA,2,1,1,1,0,1,6,3
"966",966,71,2,0,0,0,0,1,0,0,17,9,3,3,1,3,2,1,0,6,6
"967",967,70,3,0,0,0,0,1,0,0,18,11,3,2,1,1,1,0,0,4,2
"968",968,79,4,0,0,0,0,1,0,0,22,12,2,1,1,1,1,1,0,6,5
"969",969,76,1,0,0,0,0,1,0,0,24,10,2,1,1,2,2,0,0,4,2
"970",970,69,2,0,0,0,0,1,0,0,20,10,3,2,1,2,1,1,0,6,7
"971",971,75,3,1,0,0,0,1,0,0,24,11,3,1,1,1,1,1,1,7,3
"972",972,71,4,0,0,0,0,1,0,0,28,10,2,2,2,0,0,0,0,1,2
"973",973,63,1,0,0,0,0,1,0,0,12,11,1,2,2,0,1,1,1,5,7
"974",974,67,2,0,0,0,0,1,0,0,26,7,2,1,1,2,1,0,1,6,7
"975",975,63,3,1,0,0,0,1,0,0,20,6,2,3,1,0,2,0,0,3,1
"976",976,80,4,0,0,0,0,0,1,0,24,6,2,1,1,1,0,0,1,4,5
"977",977,80,1,0,0,0,0,0,1,0,15,8,2,2,1,0,2,1,0,4,2
"978",978,75,2,1,0,0,0,0,1,1,30,10,2,1,1,0,1,0,0,2,0
"979",979,73,3,1,0,0,0,0,1,0,16,9,3,2,1,1,2,1,0,6,7
"980",980,68,4,0,0,0,0,0,1,0,23,10,2,2,1,3,2,1,0,6,6
"981",981,74,1,0,0,0,0,0,1,0,16,9,2,2,1,0,1,0,0,3,3
"982",982,78,2,0,0,0,0,0,1,0,27,10,2,2,1,0,2,0,0,3,3
"983",983,67,3,0,0,0,0,0,1,0,27,10,1,1,2,0,2,0,1,4,4
"984",984,69,4,0,0,0,0,0,1,0,28,7,3,2,1,0,1,1,0,4,3
"985",985,63,1,0,0,0,0,0,1,1,10,9,2,1,1,1,0,0,0,3,2
"986",986,67,2,0,0,0,0,0,1,0,18,11,3,3,0,1,1,0,0,4,4
"987",987,72,3,0,0,0,0,0,1,0,18,8,2,2,2,2,2,1,1,7,6
"988",988,61,4,0,0,0,0,0,1,0,13,5,2,2,1,1,3,0,1,6,8
"989",989,67,1,1,0,0,0,0,1,0,11,8,3,3,1,0,1,0,0,3,0
"990",990,63,2,0,0,0,0,0,1,0,22,7,2,2,2,2,1,1,0,6,8
"991",991,68,3,1,0,0,0,0,1,0,27,5,2,1,1,1,2,2,0,6,4
"992",992,76,4,1,0,0,0,0,1,0,17,10,2,2,2,0,1,0,0,3,4
"993",993,73,1,0,0,0,0,0,1,0,16,9,2,2,1,1,0,0,1,4,3
"994",994,74,2,0,0,0,0,0,1,0,18,12,2,2,1,2,1,1,0,6,8
"995",995,62,3,0,0,0,0,0,1,0,7,6,2,NA,2,0,2,0,0,3,3
"996",996,76,4,1,0,0,0,0,1,0,21,12,2,1,1,1,3,0,0,4,3
"997",997,60,1,0,0,0,0,0,1,0,12,11,2,1,2,1,3,0,1,6,6
"998",998,71,2,0,0,0,0,0,1,1,25,9,3,3,1,1,3,0,0,5,4
"999",999,76,3,1,0,0,0,0,1,1,18,9,2,2,1,2,1,0,0,4,2
"1000",1000,61,4,0,0,0,0,0,1,0,13,10,2,2,1,0,0,0,0,1,0
